STATION,NAME,DATE,PRCP,SNOW,SNWD,TMAX,TMIN,AWND,WDF2,WESF,WESD
US1NJUN0003,"LINDEN 2.2 NW, NJ US",2022-12-01,1.2271761225959599,-0.06785013555751303,-0.07761040369446111,0.01009013602223618,-0.026203133008171873,-0.0372659285179391,0.026270169534736054,-0.044178849108045974,-0.03737353322235058
US1NJUN0003,"LINDEN 2.2 NW, NJ US",2022-12-02,-0.37011657811480514,-0.06785013555751303,-0.07761040369446111,0.01009013602223618,-0.026203133008171873,-0.0372659285179391,0.026270169534736054,-0.044178849108045974,-0.03737353322235058
US1NJUN0003,"LINDEN 2.2 NW, NJ US",2022-12-03,-0.20323525117487445,-0.06785013555751303,-0.07761040369446111,0.01009013602223618,-0.026203133008171873,-0.0372659285179391,0.026270169534736054,-0.044178849108045974,-0.03737353322235058
US1NJUN0003,"LINDEN 2.2 NW, NJ US",2022-12-04,0.7026919522133205,-0.06785013555751303,-0.07761040369446111,0.01009013602223618,-0.026203133008171873,-0.0372659285179391,0.026270169534736054,-0.044178849108045974,-0.03737353322235058
US1NJUN0003,"LINDEN 2.2 NW, NJ US",2022-12-05,-0.37011657811480514,-0.06785013555751303,-0.07761040369446111,0.01009013602223618,-0.026203133008171873,-0.0372659285179391,0.026270169534736054,-0.044178849108045974,-0.03737353322235058
US1NJUN0003,"LINDEN 2.2 NW, NJ US",2022-12-06,-0.37011657811480514,-0.06785013555751303,-0.07761040369446111,0.01009013602223618,-0.026203133008171873,-0.0372659285179391,0.026270169534736054,-0.044178849108045974,-0.03737353322235058
US1NJUN0003,"LINDEN 2.2 NW, NJ US",2022-12-07,1.847021051229988,-0.06785013555751303,-0.07761040369446111,0.01009013602223618,-0.026203133008171873,-0.0372659285179391,0.026270169534736054,-0.044178849108045974,-0.03737353322235058
US1NJUN0003,"LINDEN 2.2 NW, NJ US",2022-12-08,-0.2985960094262634,-0.06785013555751303,-0.07761040369446111,0.01009013602223618,-0.026203133008171873,-0.0372659285179391,0.026270169534736054,-0.044178849108045974,-0.03737353322235058
US1NJUN0003,"LINDEN 2.2 NW, NJ US",2022-12-09,-0.37011657811480514,-0.06785013555751303,-0.07761040369446111,0.01009013602223618,-0.026203133008171873,-0.0372659285179391,0.026270169534736054,-0.044178849108045974,-0.03737353322235058
US1NJUN0003,"LINDEN 2.2 NW, NJ US",2022-12-10,-0.37011657811480514,-0.06785013555751303,-0.07761040369446111,0.01009013602223618,-0.026203133008171873,-0.0372659285179391,0.026270169534736054,-0.044178849108045974,-0.03737353322235058
US1NJUN0003,"LINDEN 2.2 NW, NJ US",2022-12-13,-0.37011657811480514,-0.06785013555751303,-0.07761040369446111,0.01009013602223618,-0.026203133008171873,-0.0372659285179391,0.026270169534736054,-0.044178849108045974,-0.03737353322235058
US1NJUN0003,"LINDEN 2.2 NW, NJ US",2022-12-14,-0.37011657811480514,-0.06785013555751303,-0.07761040369446111,0.01009013602223618,-0.026203133008171873,-0.0372659285179391,0.026270169534736054,-0.044178849108045974,-0.03737353322235058
US1NJUN0003,"LINDEN 2.2 NW, NJ US",2022-12-15,-0.37011657811480514,-0.06785013555751303,-0.07761040369446111,0.01009013602223618,-0.026203133008171873,-0.0372659285179391,0.026270169534736054,-0.044178849108045974,-0.03737353322235058
US1NJUN0003,"LINDEN 2.2 NW, NJ US",2022-12-16,1.942381809481377,-0.06785013555751303,-0.07761040369446111,0.01009013602223618,-0.026203133008171873,-0.0372659285179391,0.026270169534736054,-0.044178849108045974,-0.03737353322235058
US1NJUN0003,"LINDEN 2.2 NW, NJ US",2022-12-18,-0.37011657811480514,-0.06785013555751303,-0.07761040369446111,0.01009013602223618,-0.026203133008171873,-0.0372659285179391,0.026270169534736054,-0.044178849108045974,-0.03737353322235058
US1NJUN0003,"LINDEN 2.2 NW, NJ US",2022-12-19,-0.37011657811480514,-0.06785013555751303,-0.07761040369446111,0.01009013602223618,-0.026203133008171873,-0.0372659285179391,0.026270169534736054,-0.044178849108045974,-0.03737353322235058
US1NJUN0003,"LINDEN 2.2 NW, NJ US",2022-12-20,-0.37011657811480514,-0.06785013555751303,-0.07761040369446111,0.01009013602223618,-0.026203133008171873,-0.0372659285179391,0.026270169534736054,-0.044178849108045974,-0.03737353322235058
US1NJUN0003,"LINDEN 2.2 NW, NJ US",2022-12-21,-0.37011657811480514,-0.06785013555751303,-0.07761040369446111,0.01009013602223618,-0.026203133008171873,-0.0372659285179391,0.026270169534736054,-0.044178849108045974,-0.03737353322235058
US1NJUN0003,"LINDEN 2.2 NW, NJ US",2022-12-22,-0.37011657811480514,-0.06785013555751303,-0.07761040369446111,0.01009013602223618,-0.026203133008171873,-0.0372659285179391,0.026270169534736054,-0.044178849108045974,-0.03737353322235058
US1NJUN0003,"LINDEN 2.2 NW, NJ US",2022-12-23,2.8006286337438775,-0.06785013555751303,-0.07761040369446111,0.01009013602223618,-0.026203133008171873,-0.0372659285179391,0.026270169534736054,-0.044178849108045974,-0.03737353322235058
US1NJUN0003,"LINDEN 2.2 NW, NJ US",2022-12-24,0.08284702357929237,-0.06785013555751303,-0.07761040369446111,0.01009013602223618,-0.026203133008171873,-0.0372659285179391,0.026270169534736054,-0.044178849108045974,-0.03737353322235058
US1NJUN0003,"LINDEN 2.2 NW, NJ US",2022-12-25,-0.37011657811480514,-0.06785013555751303,-0.07761040369446111,0.01009013602223618,-0.026203133008171873,-0.0372659285179391,0.026270169534736054,-0.044178849108045974,-0.03737353322235058
US1NJUN0003,"LINDEN 2.2 NW, NJ US",2022-12-26,-0.37011657811480514,-0.06785013555751303,-0.07761040369446111,0.01009013602223618,-0.026203133008171873,-0.0372659285179391,0.026270169534736054,-0.044178849108045974,-0.03737353322235058
US1NJUN0003,"LINDEN 2.2 NW, NJ US",2022-12-27,-0.37011657811480514,-0.06785013555751303,-0.07761040369446111,0.01009013602223618,-0.026203133008171873,-0.0372659285179391,0.026270169534736054,-0.044178849108045974,-0.03737353322235058
US1NJUN0003,"LINDEN 2.2 NW, NJ US",2022-12-28,-0.37011657811480514,-0.06785013555751303,-0.07761040369446111,0.01009013602223618,-0.026203133008171873,-0.0372659285179391,0.026270169534736054,-0.044178849108045974,-0.03737353322235058
US1NJUN0003,"LINDEN 2.2 NW, NJ US",2022-12-29,-0.37011657811480514,-0.06785013555751303,-0.07761040369446111,0.01009013602223618,-0.026203133008171873,-0.0372659285179391,0.026270169534736054,-0.044178849108045974,-0.03737353322235058
US1NJUN0003,"LINDEN 2.2 NW, NJ US",2022-12-30,-0.37011657811480514,-0.06785013555751303,-0.07761040369446111,0.01009013602223618,-0.026203133008171873,-0.0372659285179391,0.026270169534736054,-0.044178849108045974,-0.03737353322235058
US1NJUN0003,"LINDEN 2.2 NW, NJ US",2022-12-31,-0.37011657811480514,-0.06785013555751303,-0.07761040369446111,0.01009013602223618,-0.026203133008171873,-0.0372659285179391,0.026270169534736054,-0.044178849108045974,-0.03737353322235058
US1NJUN0003,"LINDEN 2.2 NW, NJ US",2023-01-01,0.2735685400820703,-0.06785013555751303,-0.07761040369446111,0.01009013602223618,-0.026203133008171873,-0.0372659285179391,0.026270169534736054,-0.044178849108045974,-0.03737353322235058
US1NJUN0003,"LINDEN 2.2 NW, NJ US",2023-01-02,-0.37011657811480514,-0.06785013555751303,-0.07761040369446111,0.01009013602223618,-0.026203133008171873,-0.0372659285179391,0.026270169534736054,-0.044178849108045974,-0.03737353322235058
US1NJUN0003,"LINDEN 2.2 NW, NJ US",2023-01-03,-0.2985960094262634,-0.06785013555751303,-0.07761040369446111,0.01009013602223618,-0.026203133008171873,-0.0372659285179391,0.026270169534736054,-0.044178849108045974,-0.03737353322235058
US1NJUN0003,"LINDEN 2.2 NW, NJ US",2023-01-04,0.750372331339015,-0.06785013555751303,-0.07761040369446111,0.01009013602223618,-0.026203133008171873,-0.0372659285179391,0.026270169534736054,-0.044178849108045974,-0.03737353322235058
US1NJUN0003,"LINDEN 2.2 NW, NJ US",2023-01-05,-0.3224361989891107,-0.06785013555751303,-0.07761040369446111,0.01009013602223618,-0.026203133008171873,-0.0372659285179391,0.026270169534736054,-0.044178849108045974,-0.03737353322235058
US1NJUN0003,"LINDEN 2.2 NW, NJ US",2023-01-06,0.24972835051922304,-0.06785013555751303,-0.07761040369446111,0.01009013602223618,-0.026203133008171873,-0.0372659285179391,0.026270169534736054,-0.044178849108045974,-0.03737353322235058
US1NJUN0003,"LINDEN 2.2 NW, NJ US",2023-01-07,-0.37011657811480514,-0.06785013555751303,-0.07761040369446111,0.01009013602223618,-0.026203133008171873,-0.0372659285179391,0.026270169534736054,-0.044178849108045974,-0.03737353322235058
US1NJUN0003,"LINDEN 2.2 NW, NJ US",2023-01-08,-0.37011657811480514,-0.06785013555751303,-0.07761040369446111,0.01009013602223618,-0.026203133008171873,-0.0372659285179391,0.026270169534736054,-0.044178849108045974,-0.03737353322235058
US1NJUN0003,"LINDEN 2.2 NW, NJ US",2023-01-09,-0.34627638855195786,-0.06785013555751303,-0.07761040369446111,0.01009013602223618,-0.026203133008171873,-0.0372659285179391,0.026270169534736054,-0.044178849108045974,-0.03737353322235058
US1NJUN0003,"LINDEN 2.2 NW, NJ US",2023-01-10,-0.37011657811480514,-0.06785013555751303,-0.07761040369446111,0.01009013602223618,-0.026203133008171873,-0.0372659285179391,0.026270169534736054,-0.044178849108045974,-0.03737353322235058
US1NJUN0003,"LINDEN 2.2 NW, NJ US",2023-01-11,-0.37011657811480514,-0.06785013555751303,-0.07761040369446111,0.01009013602223618,-0.026203133008171873,-0.0372659285179391,0.026270169534736054,-0.044178849108045974,-0.03737353322235058
US1NJUN0003,"LINDEN 2.2 NW, NJ US",2023-01-12,-0.13171468248633275,-0.06785013555751303,-0.07761040369446111,0.01009013602223618,-0.026203133008171873,-0.0372659285179391,0.026270169534736054,-0.044178849108045974,-0.03737353322235058
US1NJUN0003,"LINDEN 2.2 NW, NJ US",2023-01-13,0.39276948789630645,-0.06785013555751303,-0.07761040369446111,0.01009013602223618,-0.026203133008171873,-0.0372659285179391,0.026270169534736054,-0.044178849108045974,-0.03737353322235058
US1NJUN0003,"LINDEN 2.2 NW, NJ US",2023-01-14,-0.37011657811480514,-0.06785013555751303,-0.07761040369446111,0.01009013602223618,-0.026203133008171873,-0.0372659285179391,0.026270169534736054,-0.044178849108045974,-0.03737353322235058
US1NJUN0003,"LINDEN 2.2 NW, NJ US",2023-01-15,-0.37011657811480514,-0.06785013555751303,-0.07761040369446111,0.01009013602223618,-0.026203133008171873,-0.0372659285179391,0.026270169534736054,-0.044178849108045974,-0.03737353322235058
US1NJUN0003,"LINDEN 2.2 NW, NJ US",2023-01-16,-0.37011657811480514,-0.06785013555751303,-0.07761040369446111,0.01009013602223618,-0.026203133008171873,-0.0372659285179391,0.026270169534736054,-0.044178849108045974,-0.03737353322235058
US1NJUN0003,"LINDEN 2.2 NW, NJ US",2023-01-17,-0.37011657811480514,-0.06785013555751303,-0.07761040369446111,0.01009013602223618,-0.026203133008171873,-0.0372659285179391,0.026270169534736054,-0.044178849108045974,-0.03737353322235058
US1NJUN0003,"LINDEN 2.2 NW, NJ US",2023-01-18,-0.3224361989891107,-0.06785013555751303,-0.07761040369446111,0.01009013602223618,-0.026203133008171873,-0.0372659285179391,0.026270169534736054,-0.044178849108045974,-0.03737353322235058
US1NJUN0003,"LINDEN 2.2 NW, NJ US",2023-01-19,-0.37011657811480514,-0.06785013555751303,-0.07761040369446111,0.01009013602223618,-0.026203133008171873,-0.0372659285179391,0.026270169534736054,-0.044178849108045974,-0.03737353322235058
US1NJUN0003,"LINDEN 2.2 NW, NJ US",2023-01-20,2.1807837051098495,-0.06785013555751303,-0.07761040369446111,0.01009013602223618,-0.026203133008171873,-0.0372659285179391,0.026270169534736054,-0.044178849108045974,-0.03737353322235058
US1NJUN0003,"LINDEN 2.2 NW, NJ US",2023-01-21,-0.37011657811480514,-0.06785013555751303,-0.07761040369446111,0.01009013602223618,-0.026203133008171873,-0.0372659285179391,0.026270169534736054,-0.044178849108045974,-0.03737353322235058
US1NJUN0003,"LINDEN 2.2 NW, NJ US",2023-01-22,-0.37011657811480514,-0.06785013555751303,-0.07761040369446111,0.01009013602223618,-0.026203133008171873,-0.0372659285179391,0.026270169534736054,-0.044178849108045974,-0.03737353322235058
US1NJUN0003,"LINDEN 2.2 NW, NJ US",2023-01-23,1.2271761225959599,-0.06785013555751303,-0.07761040369446111,0.01009013602223618,-0.026203133008171873,-0.0372659285179391,0.026270169534736054,-0.044178849108045974,-0.03737353322235058
US1NJUN0003,"LINDEN 2.2 NW, NJ US",2023-01-24,-0.03635392423494379,-0.06785013555751303,-0.07761040369446111,0.01009013602223618,-0.026203133008171873,-0.0372659285179391,0.026270169534736054,-0.044178849108045974,-0.03737353322235058
US1NJUN0003,"LINDEN 2.2 NW, NJ US",2023-01-25,-0.37011657811480514,-0.06785013555751303,-0.07761040369446111,0.01009013602223618,-0.026203133008171873,-0.0372659285179391,0.026270169534736054,-0.044178849108045974,-0.03737353322235058
US1NJUN0003,"LINDEN 2.2 NW, NJ US",2023-01-26,3.2774324250008218,-0.06785013555751303,-0.07761040369446111,0.01009013602223618,-0.026203133008171873,-0.0372659285179391,0.026270169534736054,-0.044178849108045974,-0.03737353322235058
US1NJUN0003,"LINDEN 2.2 NW, NJ US",2023-01-27,-0.37011657811480514,-0.06785013555751303,-0.07761040369446111,0.01009013602223618,-0.026203133008171873,-0.0372659285179391,0.026270169534736054,-0.044178849108045974,-0.03737353322235058
US1NJUN0003,"LINDEN 2.2 NW, NJ US",2023-01-28,-0.37011657811480514,-0.06785013555751303,-0.07761040369446111,0.01009013602223618,-0.026203133008171873,-0.0372659285179391,0.026270169534736054,-0.044178849108045974,-0.03737353322235058
US1NJUN0003,"LINDEN 2.2 NW, NJ US",2023-01-29,-0.37011657811480514,-0.06785013555751303,-0.07761040369446111,0.01009013602223618,-0.026203133008171873,-0.0372659285179391,0.026270169534736054,-0.044178849108045974,-0.03737353322235058
US1NJUN0003,"LINDEN 2.2 NW, NJ US",2023-01-30,-0.37011657811480514,-0.06785013555751303,-0.07761040369446111,0.01009013602223618,-0.026203133008171873,-0.0372659285179391,0.026270169534736054,-0.044178849108045974,-0.03737353322235058
US1NJUN0003,"LINDEN 2.2 NW, NJ US",2023-01-31,-0.25091563030056896,-0.06785013555751303,-0.07761040369446111,0.01009013602223618,-0.026203133008171873,-0.0372659285179391,0.026270169534736054,-0.044178849108045974,-0.03737353322235058
US1NJUN0003,"LINDEN 2.2 NW, NJ US",2023-02-01,-0.34627638855195786,-0.06785013555751303,-0.07761040369446111,0.01009013602223618,-0.026203133008171873,-0.0372659285179391,0.026270169534736054,-0.044178849108045974,-0.03737353322235058
US1NJUN0003,"LINDEN 2.2 NW, NJ US",2023-02-02,-0.37011657811480514,-0.06785013555751303,-0.07761040369446111,0.01009013602223618,-0.026203133008171873,-0.0372659285179391,0.026270169534736054,-0.044178849108045974,-0.03737353322235058
US1NJUN0003,"LINDEN 2.2 NW, NJ US",2023-02-03,-0.37011657811480514,-0.06785013555751303,-0.07761040369446111,0.01009013602223618,-0.026203133008171873,-0.0372659285179391,0.026270169534736054,-0.044178849108045974,-0.03737353322235058
US1NJUN0003,"LINDEN 2.2 NW, NJ US",2023-02-04,-0.37011657811480514,-0.06785013555751303,-0.07761040369446111,0.01009013602223618,-0.026203133008171873,-0.0372659285179391,0.026270169534736054,-0.044178849108045974,-0.03737353322235058
US1NJUN0003,"LINDEN 2.2 NW, NJ US",2023-02-05,-0.37011657811480514,-0.06785013555751303,-0.07761040369446111,0.01009013602223618,-0.026203133008171873,-0.0372659285179391,0.026270169534736054,-0.044178849108045974,-0.03737353322235058
US1NJUN0003,"LINDEN 2.2 NW, NJ US",2023-02-06,-0.37011657811480514,-0.06785013555751303,-0.07761040369446111,0.01009013602223618,-0.026203133008171873,-0.0372659285179391,0.026270169534736054,-0.044178849108045974,-0.03737353322235058
US1NJUN0003,"LINDEN 2.2 NW, NJ US",2023-02-07,-0.37011657811480514,-0.06785013555751303,-0.07761040369446111,0.01009013602223618,-0.026203133008171873,-0.0372659285179391,0.026270169534736054,-0.044178849108045974,-0.03737353322235058
US1NJUN0003,"LINDEN 2.2 NW, NJ US",2023-02-08,-0.34627638855195786,-0.06785013555751303,-0.07761040369446111,0.01009013602223618,-0.026203133008171873,-0.0372659285179391,0.026270169534736054,-0.044178849108045974,-0.03737353322235058
US1NJUN0003,"LINDEN 2.2 NW, NJ US",2023-02-09,-0.37011657811480514,-0.06785013555751303,-0.07761040369446111,0.01009013602223618,-0.026203133008171873,-0.0372659285179391,0.026270169534736054,-0.044178849108045974,-0.03737353322235058
US1NJUN0003,"LINDEN 2.2 NW, NJ US",2023-02-10,-0.37011657811480514,-0.06785013555751303,-0.07761040369446111,0.01009013602223618,-0.026203133008171873,-0.0372659285179391,0.026270169534736054,-0.044178849108045974,-0.03737353322235058
US1NJUN0003,"LINDEN 2.2 NW, NJ US",2023-02-11,-0.37011657811480514,-0.06785013555751303,-0.07761040369446111,0.01009013602223618,-0.026203133008171873,-0.0372659285179391,0.026270169534736054,-0.044178849108045974,-0.03737353322235058
US1NJUN0003,"LINDEN 2.2 NW, NJ US",2023-02-12,-0.37011657811480514,-0.06785013555751303,-0.07761040369446111,0.01009013602223618,-0.026203133008171873,-0.0372659285179391,0.026270169534736054,-0.044178849108045974,-0.03737353322235058
US1NJUN0003,"LINDEN 2.2 NW, NJ US",2023-02-13,-0.13171468248633275,-0.06785013555751303,-0.07761040369446111,0.01009013602223618,-0.026203133008171873,-0.0372659285179391,0.026270169534736054,-0.044178849108045974,-0.03737353322235058
US1NJUN0003,"LINDEN 2.2 NW, NJ US",2023-02-14,-0.37011657811480514,-0.06785013555751303,-0.07761040369446111,0.01009013602223618,-0.026203133008171873,-0.0372659285179391,0.026270169534736054,-0.044178849108045974,-0.03737353322235058
US1NJUN0003,"LINDEN 2.2 NW, NJ US",2023-02-15,-0.37011657811480514,-0.06785013555751303,-0.07761040369446111,0.01009013602223618,-0.026203133008171873,-0.0372659285179391,0.026270169534736054,-0.044178849108045974,-0.03737353322235058
US1NJUN0003,"LINDEN 2.2 NW, NJ US",2023-02-16,-0.37011657811480514,-0.06785013555751303,-0.07761040369446111,0.01009013602223618,-0.026203133008171873,-0.0372659285179391,0.026270169534736054,-0.044178849108045974,-0.03737353322235058
US1NJUN0003,"LINDEN 2.2 NW, NJ US",2023-02-17,-0.10787449292348553,-0.06785013555751303,-0.07761040369446111,0.01009013602223618,-0.026203133008171873,-0.0372659285179391,0.026270169534736054,-0.044178849108045974,-0.03737353322235058
US1NJUN0003,"LINDEN 2.2 NW, NJ US",2023-02-18,0.011326454890750664,-0.06785013555751303,-0.07761040369446111,0.01009013602223618,-0.026203133008171873,-0.0372659285179391,0.026270169534736054,-0.044178849108045974,-0.03737353322235058
US1NJUN0003,"LINDEN 2.2 NW, NJ US",2023-02-19,-0.37011657811480514,-0.06785013555751303,-0.07761040369446111,0.01009013602223618,-0.026203133008171873,-0.0372659285179391,0.026270169534736054,-0.044178849108045974,-0.03737353322235058
US1NJUN0003,"LINDEN 2.2 NW, NJ US",2023-02-20,-0.37011657811480514,-0.06785013555751303,-0.07761040369446111,0.01009013602223618,-0.026203133008171873,-0.0372659285179391,0.026270169534736054,-0.044178849108045974,-0.03737353322235058
US1NJUN0003,"LINDEN 2.2 NW, NJ US",2023-02-21,0.08284702357929237,-0.06785013555751303,-0.07761040369446111,0.01009013602223618,-0.026203133008171873,-0.0372659285179391,0.026270169534736054,-0.044178849108045974,-0.03737353322235058
US1NJUN0003,"LINDEN 2.2 NW, NJ US",2023-02-22,-0.2270754407377217,-0.06785013555751303,-0.07761040369446111,0.01009013602223618,-0.026203133008171873,-0.0372659285179391,0.026270169534736054,-0.044178849108045974,-0.03737353322235058
US1NJUN0003,"LINDEN 2.2 NW, NJ US",2023-02-23,0.08284702357929237,-0.06785013555751303,-0.07761040369446111,0.01009013602223618,-0.026203133008171873,-0.0372659285179391,0.026270169534736054,-0.044178849108045974,-0.03737353322235058
US1NJUN0003,"LINDEN 2.2 NW, NJ US",2023-02-24,-0.34627638855195786,-0.06785013555751303,-0.07761040369446111,0.01009013602223618,-0.026203133008171873,-0.0372659285179391,0.026270169534736054,-0.044178849108045974,-0.03737353322235058
US1NJUN0003,"LINDEN 2.2 NW, NJ US",2023-02-25,-0.37011657811480514,-0.06785013555751303,-0.07761040369446111,0.01009013602223618,-0.026203133008171873,-0.0372659285179391,0.026270169534736054,-0.044178849108045974,-0.03737353322235058
US1NJUN0003,"LINDEN 2.2 NW, NJ US",2023-02-26,-0.37011657811480514,-0.06785013555751303,-0.07761040369446111,0.01009013602223618,-0.026203133008171873,-0.0372659285179391,0.026270169534736054,-0.044178849108045974,-0.03737353322235058
US1NJUN0003,"LINDEN 2.2 NW, NJ US",2023-02-27,-0.37011657811480514,-0.06785013555751303,-0.07761040369446111,0.01009013602223618,-0.026203133008171873,-0.0372659285179391,0.026270169534736054,-0.044178849108045974,-0.03737353322235058
US1NJUN0003,"LINDEN 2.2 NW, NJ US",2023-02-28,1.4655780182244322,-0.06785013555751303,-0.07761040369446111,0.01009013602223618,-0.026203133008171873,-0.0372659285179391,0.026270169534736054,-0.044178849108045974,-0.03737353322235058
US1NJUN0003,"LINDEN 2.2 NW, NJ US",2023-03-01,-0.3224361989891107,-0.06785013555751303,-0.07761040369446111,0.01009013602223618,-0.026203133008171873,-0.0372659285179391,0.026270169534736054,-0.044178849108045974,-0.03737353322235058
US1NJUN0003,"LINDEN 2.2 NW, NJ US",2023-03-02,-0.3224361989891107,-0.06785013555751303,-0.07761040369446111,0.01009013602223618,-0.026203133008171873,-0.0372659285179391,0.026270169534736054,-0.044178849108045974,-0.03737353322235058
US1NJUN0003,"LINDEN 2.2 NW, NJ US",2023-03-04,3.2535922354379747,-0.06785013555751303,-0.07761040369446111,0.01009013602223618,-0.026203133008171873,-0.0372659285179391,0.026270169534736054,-0.044178849108045974,-0.03737353322235058
US1NJUN0003,"LINDEN 2.2 NW, NJ US",2023-03-05,-0.37011657811480514,-0.06785013555751303,-0.07761040369446111,0.01009013602223618,-0.026203133008171873,-0.0372659285179391,0.026270169534736054,-0.044178849108045974,-0.03737353322235058
US1NJUN0003,"LINDEN 2.2 NW, NJ US",2023-03-06,-0.37011657811480514,-0.06785013555751303,-0.07761040369446111,0.01009013602223618,-0.026203133008171873,-0.0372659285179391,0.026270169534736054,-0.044178849108045974,-0.03737353322235058
US1NJUN0003,"LINDEN 2.2 NW, NJ US",2023-03-07,0.17820778183068134,-0.06785013555751303,-0.07761040369446111,0.01009013602223618,-0.026203133008171873,-0.0372659285179391,0.026270169534736054,-0.044178849108045974,-0.03737353322235058
US1NJUN0003,"LINDEN 2.2 NW, NJ US",2023-03-08,-0.37011657811480514,-0.06785013555751303,-0.07761040369446111,0.01009013602223618,-0.026203133008171873,-0.0372659285179391,0.026270169534736054,-0.044178849108045974,-0.03737353322235058
US1NJUN0003,"LINDEN 2.2 NW, NJ US",2023-03-09,-0.37011657811480514,-0.06785013555751303,-0.07761040369446111,0.01009013602223618,-0.026203133008171873,-0.0372659285179391,0.026270169534736054,-0.044178849108045974,-0.03737353322235058
US1NJUN0003,"LINDEN 2.2 NW, NJ US",2023-03-10,-0.37011657811480514,-0.06785013555751303,-0.07761040369446111,0.01009013602223618,-0.026203133008171873,-0.0372659285179391,0.026270169534736054,-0.044178849108045974,-0.03737353322235058
US1NJUN0003,"LINDEN 2.2 NW, NJ US",2023-03-11,1.1079751747817237,-0.06785013555751303,-0.07761040369446111,0.01009013602223618,-0.026203133008171873,-0.0372659285179391,0.026270169534736054,-0.044178849108045974,-0.03737353322235058
US1NJUN0003,"LINDEN 2.2 NW, NJ US",2023-03-12,-0.06019411379779104,-0.06785013555751303,-0.07761040369446111,0.01009013602223618,-0.026203133008171873,-0.0372659285179391,0.026270169534736054,-0.044178849108045974,-0.03737353322235058
US1NJUN0003,"LINDEN 2.2 NW, NJ US",2023-03-13,-0.2270754407377217,-0.06785013555751303,-0.07761040369446111,0.01009013602223618,-0.026203133008171873,-0.0372659285179391,0.026270169534736054,-0.044178849108045974,-0.03737353322235058
US1NJUN0003,"LINDEN 2.2 NW, NJ US",2023-03-14,1.1079751747817237,-0.06785013555751303,-0.07761040369446111,0.01009013602223618,-0.026203133008171873,-0.0372659285179391,0.026270169534736054,-0.044178849108045974,-0.03737353322235058
US1NJUN0003,"LINDEN 2.2 NW, NJ US",2023-03-15,-0.2985960094262634,-0.06785013555751303,-0.07761040369446111,0.01009013602223618,-0.026203133008171873,-0.0372659285179391,0.026270169534736054,-0.044178849108045974,-0.03737353322235058
US1NJUN0003,"LINDEN 2.2 NW, NJ US",2023-03-16,-0.37011657811480514,-0.06785013555751303,-0.07761040369446111,0.01009013602223618,-0.026203133008171873,-0.0372659285179391,0.026270169534736054,-0.044178849108045974,-0.03737353322235058
US1NJUN0003,"LINDEN 2.2 NW, NJ US",2023-03-17,-0.37011657811480514,-0.06785013555751303,-0.07761040369446111,0.01009013602223618,-0.026203133008171873,-0.0372659285179391,0.026270169534736054,-0.044178849108045974,-0.03737353322235058
US1NJUN0003,"LINDEN 2.2 NW, NJ US",2023-03-18,-0.34627638855195786,-0.06785013555751303,-0.07761040369446111,0.01009013602223618,-0.026203133008171873,-0.0372659285179391,0.026270169534736054,-0.044178849108045974,-0.03737353322235058
US1NJUN0003,"LINDEN 2.2 NW, NJ US",2023-03-19,-0.37011657811480514,-0.06785013555751303,-0.07761040369446111,0.01009013602223618,-0.026203133008171873,-0.0372659285179391,0.026270169534736054,-0.044178849108045974,-0.03737353322235058
US1NJUN0003,"LINDEN 2.2 NW, NJ US",2023-03-20,-0.37011657811480514,-0.06785013555751303,-0.07761040369446111,0.01009013602223618,-0.026203133008171873,-0.0372659285179391,0.026270169534736054,-0.044178849108045974,-0.03737353322235058
US1NJUN0003,"LINDEN 2.2 NW, NJ US",2023-03-21,-0.37011657811480514,-0.06785013555751303,-0.07761040369446111,0.01009013602223618,-0.026203133008171873,-0.0372659285179391,0.026270169534736054,-0.044178849108045974,-0.03737353322235058
US1NJUN0003,"LINDEN 2.2 NW, NJ US",2023-03-22,-0.37011657811480514,-0.06785013555751303,-0.07761040369446111,0.01009013602223618,-0.026203133008171873,-0.0372659285179391,0.026270169534736054,-0.044178849108045974,-0.03737353322235058
US1NJUN0003,"LINDEN 2.2 NW, NJ US",2023-03-25,-0.37011657811480514,-0.06785013555751303,-0.07761040369446111,0.01009013602223618,-0.026203133008171873,-0.0372659285179391,0.026270169534736054,-0.044178849108045974,-0.03737353322235058
US1NJUN0003,"LINDEN 2.2 NW, NJ US",2023-03-26,0.011326454890750664,-0.06785013555751303,-0.07761040369446111,0.01009013602223618,-0.026203133008171873,-0.0372659285179391,0.026270169534736054,-0.044178849108045974,-0.03737353322235058
US1NJUN0003,"LINDEN 2.2 NW, NJ US",2023-03-27,-0.37011657811480514,-0.06785013555751303,-0.07761040369446111,0.01009013602223618,-0.026203133008171873,-0.0372659285179391,0.026270169534736054,-0.044178849108045974,-0.03737353322235058
US1NJUN0003,"LINDEN 2.2 NW, NJ US",2023-03-28,0.29740872964491755,-0.06785013555751303,-0.07761040369446111,0.01009013602223618,-0.026203133008171873,-0.0372659285179391,0.026270169534736054,-0.044178849108045974,-0.03737353322235058
US1NJUN0003,"LINDEN 2.2 NW, NJ US",2023-03-29,-0.34627638855195786,-0.06785013555751303,-0.07761040369446111,0.01009013602223618,-0.026203133008171873,-0.0372659285179391,0.026270169534736054,-0.044178849108045974,-0.03737353322235058
US1NJUN0003,"LINDEN 2.2 NW, NJ US",2023-03-30,-0.37011657811480514,-0.06785013555751303,-0.07761040369446111,0.01009013602223618,-0.026203133008171873,-0.0372659285179391,0.026270169534736054,-0.044178849108045974,-0.03737353322235058
US1NJUN0003,"LINDEN 2.2 NW, NJ US",2023-03-31,-0.37011657811480514,-0.06785013555751303,-0.07761040369446111,0.01009013602223618,-0.026203133008171873,-0.0372659285179391,0.026270169534736054,-0.044178849108045974,-0.03737353322235058
US1NJUN0003,"LINDEN 2.2 NW, NJ US",2023-04-01,-0.10787449292348553,-0.06785013555751303,-0.07761040369446111,0.01009013602223618,-0.026203133008171873,-0.0372659285179391,0.026270169534736054,-0.044178849108045974,-0.03737353322235058
US1NJUN0003,"LINDEN 2.2 NW, NJ US",2023-04-02,0.2735685400820703,-0.06785013555751303,-0.07761040369446111,0.01009013602223618,-0.026203133008171873,-0.0372659285179391,0.026270169534736054,-0.044178849108045974,-0.03737353322235058
US1NJUN0003,"LINDEN 2.2 NW, NJ US",2023-04-03,-0.37011657811480514,-0.06785013555751303,-0.07761040369446111,0.01009013602223618,-0.026203133008171873,-0.0372659285179391,0.026270169534736054,-0.044178849108045974,-0.03737353322235058
US1NJUN0003,"LINDEN 2.2 NW, NJ US",2023-04-04,-0.37011657811480514,-0.06785013555751303,-0.07761040369446111,0.01009013602223618,-0.026203133008171873,-0.0372659285179391,0.026270169534736054,-0.044178849108045974,-0.03737353322235058
US1NJUN0003,"LINDEN 2.2 NW, NJ US",2023-04-05,-0.37011657811480514,-0.06785013555751303,-0.07761040369446111,0.01009013602223618,-0.026203133008171873,-0.0372659285179391,0.026270169534736054,-0.044178849108045974,-0.03737353322235058
US1NJUN0003,"LINDEN 2.2 NW, NJ US",2023-04-06,-0.34627638855195786,-0.06785013555751303,-0.07761040369446111,0.01009013602223618,-0.026203133008171873,-0.0372659285179391,0.026270169534736054,-0.044178849108045974,-0.03737353322235058
US1NJUN0003,"LINDEN 2.2 NW, NJ US",2023-04-07,-0.37011657811480514,-0.06785013555751303,-0.07761040369446111,0.01009013602223618,-0.026203133008171873,-0.0372659285179391,0.026270169534736054,-0.044178849108045974,-0.03737353322235058
US1NJUN0003,"LINDEN 2.2 NW, NJ US",2023-04-08,-0.37011657811480514,-0.06785013555751303,-0.07761040369446111,0.01009013602223618,-0.026203133008171873,-0.0372659285179391,0.026270169534736054,-0.044178849108045974,-0.03737353322235058
US1NJUN0003,"LINDEN 2.2 NW, NJ US",2023-04-09,-0.37011657811480514,-0.06785013555751303,-0.07761040369446111,0.01009013602223618,-0.026203133008171873,-0.0372659285179391,0.026270169534736054,-0.044178849108045974,-0.03737353322235058
US1NJUN0003,"LINDEN 2.2 NW, NJ US",2023-04-10,-0.37011657811480514,-0.06785013555751303,-0.07761040369446111,0.01009013602223618,-0.026203133008171873,-0.0372659285179391,0.026270169534736054,-0.044178849108045974,-0.03737353322235058
US1NJUN0003,"LINDEN 2.2 NW, NJ US",2023-04-11,-0.37011657811480514,-0.06785013555751303,-0.07761040369446111,0.01009013602223618,-0.026203133008171873,-0.0372659285179391,0.026270169534736054,-0.044178849108045974,-0.03737353322235058
US1NJUN0003,"LINDEN 2.2 NW, NJ US",2023-04-12,-0.37011657811480514,-0.06785013555751303,-0.07761040369446111,0.01009013602223618,-0.026203133008171873,-0.0372659285179391,0.026270169534736054,-0.044178849108045974,-0.03737353322235058
US1NJUN0003,"LINDEN 2.2 NW, NJ US",2023-04-13,-0.37011657811480514,-0.06785013555751303,-0.07761040369446111,0.01009013602223618,-0.026203133008171873,-0.0372659285179391,0.026270169534736054,-0.044178849108045974,-0.03737353322235058
US1NJUN0003,"LINDEN 2.2 NW, NJ US",2023-04-15,-0.37011657811480514,-0.06785013555751303,-0.07761040369446111,0.01009013602223618,-0.026203133008171873,-0.0372659285179391,0.026270169534736054,-0.044178849108045974,-0.03737353322235058
US1NJUN0003,"LINDEN 2.2 NW, NJ US",2023-04-16,0.13052740270498683,-0.06785013555751303,-0.07761040369446111,0.01009013602223618,-0.026203133008171873,-0.0372659285179391,0.026270169534736054,-0.044178849108045974,-0.03737353322235058
US1NJUN0003,"LINDEN 2.2 NW, NJ US",2023-04-17,-0.34627638855195786,-0.06785013555751303,-0.07761040369446111,0.01009013602223618,-0.026203133008171873,-0.0372659285179391,0.026270169534736054,-0.044178849108045974,-0.03737353322235058
US1NJUN0003,"LINDEN 2.2 NW, NJ US",2023-04-18,-0.34627638855195786,-0.06785013555751303,-0.07761040369446111,0.01009013602223618,-0.026203133008171873,-0.0372659285179391,0.026270169534736054,-0.044178849108045974,-0.03737353322235058
US1NJUN0003,"LINDEN 2.2 NW, NJ US",2023-04-19,-0.37011657811480514,-0.06785013555751303,-0.07761040369446111,0.01009013602223618,-0.026203133008171873,-0.0372659285179391,0.026270169534736054,-0.044178849108045974,-0.03737353322235058
US1NJUN0003,"LINDEN 2.2 NW, NJ US",2023-04-20,-0.37011657811480514,-0.06785013555751303,-0.07761040369446111,0.01009013602223618,-0.026203133008171873,-0.0372659285179391,0.026270169534736054,-0.044178849108045974,-0.03737353322235058
US1NJUN0003,"LINDEN 2.2 NW, NJ US",2023-04-21,-0.37011657811480514,-0.06785013555751303,-0.07761040369446111,0.01009013602223618,-0.026203133008171873,-0.0372659285179391,0.026270169534736054,-0.044178849108045974,-0.03737353322235058
US1NJUN0003,"LINDEN 2.2 NW, NJ US",2023-04-22,-0.37011657811480514,-0.06785013555751303,-0.07761040369446111,0.01009013602223618,-0.026203133008171873,-0.0372659285179391,0.026270169534736054,-0.044178849108045974,-0.03737353322235058
US1NJUN0003,"LINDEN 2.2 NW, NJ US",2023-04-23,3.801916595383461,-0.06785013555751303,-0.07761040369446111,0.01009013602223618,-0.026203133008171873,-0.0372659285179391,0.026270169534736054,-0.044178849108045974,-0.03737353322235058
US1NJUN0003,"LINDEN 2.2 NW, NJ US",2023-04-24,-0.3224361989891107,-0.06785013555751303,-0.07761040369446111,0.01009013602223618,-0.026203133008171873,-0.0372659285179391,0.026270169534736054,-0.044178849108045974,-0.03737353322235058
US1NJUN0003,"LINDEN 2.2 NW, NJ US",2023-04-25,-0.37011657811480514,-0.06785013555751303,-0.07761040369446111,0.01009013602223618,-0.026203133008171873,-0.0372659285179391,0.026270169534736054,-0.044178849108045974,-0.03737353322235058
US1NJUN0003,"LINDEN 2.2 NW, NJ US",2023-04-26,-0.37011657811480514,-0.06785013555751303,-0.07761040369446111,0.01009013602223618,-0.026203133008171873,-0.0372659285179391,0.026270169534736054,-0.044178849108045974,-0.03737353322235058
US1NJUN0003,"LINDEN 2.2 NW, NJ US",2023-04-27,-0.37011657811480514,-0.06785013555751303,-0.07761040369446111,0.01009013602223618,-0.026203133008171873,-0.0372659285179391,0.026270169534736054,-0.044178849108045974,-0.03737353322235058
US1NJUN0003,"LINDEN 2.2 NW, NJ US",2023-04-28,-0.37011657811480514,-0.06785013555751303,-0.07761040369446111,0.01009013602223618,-0.026203133008171873,-0.0372659285179391,0.026270169534736054,-0.044178849108045974,-0.03737353322235058
US1NJUN0003,"LINDEN 2.2 NW, NJ US",2023-04-30,-0.37011657811480514,-0.06785013555751303,-0.07761040369446111,0.01009013602223618,-0.026203133008171873,-0.0372659285179391,0.026270169534736054,-0.044178849108045974,-0.03737353322235058
US1NJUN0003,"LINDEN 2.2 NW, NJ US",2023-05-01,4.7078437987716555,-0.06785013555751303,-0.07761040369446111,0.01009013602223618,-0.026203133008171873,-0.0372659285179391,0.026270169534736054,-0.044178849108045974,-0.03737353322235058
US1NJUN0003,"LINDEN 2.2 NW, NJ US",2023-05-02,-0.34627638855195786,-0.06785013555751303,-0.07761040369446111,0.01009013602223618,-0.026203133008171873,-0.0372659285179391,0.026270169534736054,-0.044178849108045974,-0.03737353322235058
US1NJUN0003,"LINDEN 2.2 NW, NJ US",2023-05-03,-0.2270754407377217,-0.06785013555751303,-0.07761040369446111,0.01009013602223618,-0.026203133008171873,-0.0372659285179391,0.026270169534736054,-0.044178849108045974,-0.03737353322235058
US1NJUN0003,"LINDEN 2.2 NW, NJ US",2023-05-04,-0.37011657811480514,-0.06785013555751303,-0.07761040369446111,0.01009013602223618,-0.026203133008171873,-0.0372659285179391,0.026270169534736054,-0.044178849108045974,-0.03737353322235058
US1NJUN0003,"LINDEN 2.2 NW, NJ US",2023-05-05,-0.2747558198634162,-0.06785013555751303,-0.07761040369446111,0.01009013602223618,-0.026203133008171873,-0.0372659285179391,0.026270169534736054,-0.044178849108045974,-0.03737353322235058
US1NJUN0003,"LINDEN 2.2 NW, NJ US",2023-05-06,-0.37011657811480514,-0.06785013555751303,-0.07761040369446111,0.01009013602223618,-0.026203133008171873,-0.0372659285179391,0.026270169534736054,-0.044178849108045974,-0.03737353322235058
US1NJUN0003,"LINDEN 2.2 NW, NJ US",2023-05-07,-0.37011657811480514,-0.06785013555751303,-0.07761040369446111,0.01009013602223618,-0.026203133008171873,-0.0372659285179391,0.026270169534736054,-0.044178849108045974,-0.03737353322235058
US1NJUN0003,"LINDEN 2.2 NW, NJ US",2023-05-08,-0.34627638855195786,-0.06785013555751303,-0.07761040369446111,0.01009013602223618,-0.026203133008171873,-0.0372659285179391,0.026270169534736054,-0.044178849108045974,-0.03737353322235058
US1NJUN0003,"LINDEN 2.2 NW, NJ US",2023-05-09,-0.37011657811480514,-0.06785013555751303,-0.07761040369446111,0.01009013602223618,-0.026203133008171873,-0.0372659285179391,0.026270169534736054,-0.044178849108045974,-0.03737353322235058
US1NJUN0003,"LINDEN 2.2 NW, NJ US",2023-05-10,-0.37011657811480514,-0.06785013555751303,-0.07761040369446111,0.01009013602223618,-0.026203133008171873,-0.0372659285179391,0.026270169534736054,-0.044178849108045974,-0.03737353322235058
US1NJUN0003,"LINDEN 2.2 NW, NJ US",2023-05-11,-0.37011657811480514,-0.06785013555751303,-0.07761040369446111,0.01009013602223618,-0.026203133008171873,-0.0372659285179391,0.026270169534736054,-0.044178849108045974,-0.03737353322235058
US1NJUN0003,"LINDEN 2.2 NW, NJ US",2023-05-12,-0.37011657811480514,-0.06785013555751303,-0.07761040369446111,0.01009013602223618,-0.026203133008171873,-0.0372659285179391,0.026270169534736054,-0.044178849108045974,-0.03737353322235058
US1NJUN0003,"LINDEN 2.2 NW, NJ US",2023-05-13,-0.37011657811480514,-0.06785013555751303,-0.07761040369446111,0.01009013602223618,-0.026203133008171873,-0.0372659285179391,0.026270169534736054,-0.044178849108045974,-0.03737353322235058
US1NJUN0003,"LINDEN 2.2 NW, NJ US",2023-05-14,-0.37011657811480514,-0.06785013555751303,-0.07761040369446111,0.01009013602223618,-0.026203133008171873,-0.0372659285179391,0.026270169534736054,-0.044178849108045974,-0.03737353322235058
US1NJUN0003,"LINDEN 2.2 NW, NJ US",2023-05-15,-0.37011657811480514,-0.06785013555751303,-0.07761040369446111,0.01009013602223618,-0.026203133008171873,-0.0372659285179391,0.026270169534736054,-0.044178849108045974,-0.03737353322235058
US1NJUN0003,"LINDEN 2.2 NW, NJ US",2023-05-16,-0.37011657811480514,-0.06785013555751303,-0.07761040369446111,0.01009013602223618,-0.026203133008171873,-0.0372659285179391,0.026270169534736054,-0.044178849108045974,-0.03737353322235058
US1NJUN0003,"LINDEN 2.2 NW, NJ US",2023-05-17,-0.37011657811480514,-0.06785013555751303,-0.07761040369446111,0.01009013602223618,-0.026203133008171873,-0.0372659285179391,0.026270169534736054,-0.044178849108045974,-0.03737353322235058
US1NJUN0003,"LINDEN 2.2 NW, NJ US",2023-05-18,-0.37011657811480514,-0.06785013555751303,-0.07761040369446111,0.01009013602223618,-0.026203133008171873,-0.0372659285179391,0.026270169534736054,-0.044178849108045974,-0.03737353322235058
US1NJUN0003,"LINDEN 2.2 NW, NJ US",2023-05-19,-0.37011657811480514,-0.06785013555751303,-0.07761040369446111,0.01009013602223618,-0.026203133008171873,-0.0372659285179391,0.026270169534736054,-0.044178849108045974,-0.03737353322235058
US1NJUN0003,"LINDEN 2.2 NW, NJ US",2023-05-21,-0.37011657811480514,-0.06785013555751303,-0.07761040369446111,0.01009013602223618,-0.026203133008171873,-0.0372659285179391,0.026270169534736054,-0.044178849108045974,-0.03737353322235058
US1NJUN0003,"LINDEN 2.2 NW, NJ US",2023-05-22,-0.37011657811480514,-0.06785013555751303,-0.07761040369446111,0.01009013602223618,-0.026203133008171873,-0.0372659285179391,0.026270169534736054,-0.044178849108045974,-0.03737353322235058
US1NJUN0003,"LINDEN 2.2 NW, NJ US",2023-05-23,-0.37011657811480514,-0.06785013555751303,-0.07761040369446111,0.01009013602223618,-0.026203133008171873,-0.0372659285179391,0.026270169534736054,-0.044178849108045974,-0.03737353322235058
US1NJUN0003,"LINDEN 2.2 NW, NJ US",2023-05-24,-0.37011657811480514,-0.06785013555751303,-0.07761040369446111,0.01009013602223618,-0.026203133008171873,-0.0372659285179391,0.026270169534736054,-0.044178849108045974,-0.03737353322235058
US1NJUN0003,"LINDEN 2.2 NW, NJ US",2023-05-25,-0.2747558198634162,-0.06785013555751303,-0.07761040369446111,0.01009013602223618,-0.026203133008171873,-0.0372659285179391,0.026270169534736054,-0.044178849108045974,-0.03737353322235058
US1NJUN0003,"LINDEN 2.2 NW, NJ US",2023-05-26,-0.37011657811480514,-0.06785013555751303,-0.07761040369446111,0.01009013602223618,-0.026203133008171873,-0.0372659285179391,0.026270169534736054,-0.044178849108045974,-0.03737353322235058
US1NJUN0003,"LINDEN 2.2 NW, NJ US",2023-05-27,-0.37011657811480514,-0.06785013555751303,-0.07761040369446111,0.01009013602223618,-0.026203133008171873,-0.0372659285179391,0.026270169534736054,-0.044178849108045974,-0.03737353322235058
US1NJUN0003,"LINDEN 2.2 NW, NJ US",2023-05-28,-0.37011657811480514,-0.06785013555751303,-0.07761040369446111,0.01009013602223618,-0.026203133008171873,-0.0372659285179391,0.026270169534736054,-0.044178849108045974,-0.03737353322235058
US1NJUN0003,"LINDEN 2.2 NW, NJ US",2023-05-29,-0.37011657811480514,-0.06785013555751303,-0.07761040369446111,0.01009013602223618,-0.026203133008171873,-0.0372659285179391,0.026270169534736054,-0.044178849108045974,-0.03737353322235058
US1NJUN0003,"LINDEN 2.2 NW, NJ US",2023-05-30,-0.37011657811480514,-0.06785013555751303,-0.07761040369446111,0.01009013602223618,-0.026203133008171873,-0.0372659285179391,0.026270169534736054,-0.044178849108045974,-0.03737353322235058
US1NJUN0003,"LINDEN 2.2 NW, NJ US",2023-05-31,-0.37011657811480514,-0.06785013555751303,-0.07761040369446111,0.01009013602223618,-0.026203133008171873,-0.0372659285179391,0.026270169534736054,-0.044178849108045974,-0.03737353322235058
US1NJUN0003,"LINDEN 2.2 NW, NJ US",2023-06-01,-0.37011657811480514,-0.06785013555751303,-0.07761040369446111,0.01009013602223618,-0.026203133008171873,-0.0372659285179391,0.026270169534736054,-0.044178849108045974,-0.03737353322235058
US1NJUN0003,"LINDEN 2.2 NW, NJ US",2023-06-02,-0.37011657811480514,-0.06785013555751303,-0.07761040369446111,0.01009013602223618,-0.026203133008171873,-0.0372659285179391,0.026270169534736054,-0.044178849108045974,-0.03737353322235058
US1NJUN0003,"LINDEN 2.2 NW, NJ US",2023-06-04,-0.37011657811480514,-0.06785013555751303,-0.07761040369446111,0.01009013602223618,-0.026203133008171873,-0.0372659285179391,0.026270169534736054,-0.044178849108045974,-0.03737353322235058
US1NJUN0003,"LINDEN 2.2 NW, NJ US",2023-06-05,-0.37011657811480514,-0.06785013555751303,-0.07761040369446111,0.01009013602223618,-0.026203133008171873,-0.0372659285179391,0.026270169534736054,-0.044178849108045974,-0.03737353322235058
US1NJUN0003,"LINDEN 2.2 NW, NJ US",2023-06-06,-0.37011657811480514,-0.06785013555751303,-0.07761040369446111,0.01009013602223618,-0.026203133008171873,-0.0372659285179391,0.026270169534736054,-0.044178849108045974,-0.03737353322235058
US1NJUN0003,"LINDEN 2.2 NW, NJ US",2023-06-07,-0.34627638855195786,-0.06785013555751303,-0.07761040369446111,0.01009013602223618,-0.026203133008171873,-0.0372659285179391,0.026270169534736054,-0.044178849108045974,-0.03737353322235058
US1NJUN0003,"LINDEN 2.2 NW, NJ US",2023-06-08,-0.37011657811480514,-0.06785013555751303,-0.07761040369446111,0.01009013602223618,-0.026203133008171873,-0.0372659285179391,0.026270169534736054,-0.044178849108045974,-0.03737353322235058
US1NJUN0003,"LINDEN 2.2 NW, NJ US",2023-06-09,-0.37011657811480514,-0.06785013555751303,-0.07761040369446111,0.01009013602223618,-0.026203133008171873,-0.0372659285179391,0.026270169534736054,-0.044178849108045974,-0.03737353322235058
US1NJUN0003,"LINDEN 2.2 NW, NJ US",2023-06-10,-0.37011657811480514,-0.06785013555751303,-0.07761040369446111,0.01009013602223618,-0.026203133008171873,-0.0372659285179391,0.026270169534736054,-0.044178849108045974,-0.03737353322235058
US1NJUN0003,"LINDEN 2.2 NW, NJ US",2023-06-11,-0.34627638855195786,-0.06785013555751303,-0.07761040369446111,0.01009013602223618,-0.026203133008171873,-0.0372659285179391,0.026270169534736054,-0.044178849108045974,-0.03737353322235058
US1NJUN0003,"LINDEN 2.2 NW, NJ US",2023-06-12,-0.37011657811480514,-0.06785013555751303,-0.07761040369446111,0.01009013602223618,-0.026203133008171873,-0.0372659285179391,0.026270169534736054,-0.044178849108045974,-0.03737353322235058
US1NJUN0003,"LINDEN 2.2 NW, NJ US",2023-06-13,0.6550115730876259,-0.06785013555751303,-0.07761040369446111,0.01009013602223618,-0.026203133008171873,-0.0372659285179391,0.026270169534736054,-0.044178849108045974,-0.03737353322235058
US1NJUN0003,"LINDEN 2.2 NW, NJ US",2023-06-14,-0.37011657811480514,-0.06785013555751303,-0.07761040369446111,0.01009013602223618,-0.026203133008171873,-0.0372659285179391,0.026270169534736054,-0.044178849108045974,-0.03737353322235058
US1NJUN0003,"LINDEN 2.2 NW, NJ US",2023-06-15,0.6788517626504732,-0.06785013555751303,-0.07761040369446111,0.01009013602223618,-0.026203133008171873,-0.0372659285179391,0.026270169534736054,-0.044178849108045974,-0.03737353322235058
US1NJUN0003,"LINDEN 2.2 NW, NJ US",2023-06-16,-0.37011657811480514,-0.06785013555751303,-0.07761040369446111,0.01009013602223618,-0.026203133008171873,-0.0372659285179391,0.026270169534736054,-0.044178849108045974,-0.03737353322235058
US1NJUN0003,"LINDEN 2.2 NW, NJ US",2023-06-17,0.24972835051922304,-0.06785013555751303,-0.07761040369446111,0.01009013602223618,-0.026203133008171873,-0.0372659285179391,0.026270169534736054,-0.044178849108045974,-0.03737353322235058
US1NJUN0003,"LINDEN 2.2 NW, NJ US",2023-06-18,-0.37011657811480514,-0.06785013555751303,-0.07761040369446111,0.01009013602223618,-0.026203133008171873,-0.0372659285179391,0.026270169534736054,-0.044178849108045974,-0.03737353322235058
US1NJUN0003,"LINDEN 2.2 NW, NJ US",2023-06-19,-0.37011657811480514,-0.06785013555751303,-0.07761040369446111,0.01009013602223618,-0.026203133008171873,-0.0372659285179391,0.026270169534736054,-0.044178849108045974,-0.03737353322235058
US1NJUN0003,"LINDEN 2.2 NW, NJ US",2023-06-20,-0.37011657811480514,-0.06785013555751303,-0.07761040369446111,0.01009013602223618,-0.026203133008171873,-0.0372659285179391,0.026270169534736054,-0.044178849108045974,-0.03737353322235058
US1NJUN0003,"LINDEN 2.2 NW, NJ US",2023-06-21,-0.37011657811480514,-0.06785013555751303,-0.07761040369446111,0.01009013602223618,-0.026203133008171873,-0.0372659285179391,0.026270169534736054,-0.044178849108045974,-0.03737353322235058
US1NJUN0003,"LINDEN 2.2 NW, NJ US",2023-06-22,-0.2747558198634162,-0.06785013555751303,-0.07761040369446111,0.01009013602223618,-0.026203133008171873,-0.0372659285179391,0.026270169534736054,-0.044178849108045974,-0.03737353322235058
US1NJUN0003,"LINDEN 2.2 NW, NJ US",2023-06-26,-0.37011657811480514,-0.06785013555751303,-0.07761040369446111,0.01009013602223618,-0.026203133008171873,-0.0372659285179391,0.026270169534736054,-0.044178849108045974,-0.03737353322235058
US1NJUN0003,"LINDEN 2.2 NW, NJ US",2023-06-27,0.9887742269674873,-0.06785013555751303,-0.07761040369446111,0.01009013602223618,-0.026203133008171873,-0.0372659285179391,0.026270169534736054,-0.044178849108045974,-0.03737353322235058
US1NJUN0003,"LINDEN 2.2 NW, NJ US",2023-06-28,0.24972835051922304,-0.06785013555751303,-0.07761040369446111,0.01009013602223618,-0.026203133008171873,-0.0372659285179391,0.026270169534736054,-0.044178849108045974,-0.03737353322235058
US1NJUN0003,"LINDEN 2.2 NW, NJ US",2023-06-29,-0.37011657811480514,-0.06785013555751303,-0.07761040369446111,0.01009013602223618,-0.026203133008171873,-0.0372659285179391,0.026270169534736054,-0.044178849108045974,-0.03737353322235058
US1NJUN0003,"LINDEN 2.2 NW, NJ US",2023-06-30,-0.37011657811480514,-0.06785013555751303,-0.07761040369446111,0.01009013602223618,-0.026203133008171873,-0.0372659285179391,0.026270169534736054,-0.044178849108045974,-0.03737353322235058
US1NJUN0003,"LINDEN 2.2 NW, NJ US",2023-07-01,-0.37011657811480514,-0.06785013555751303,-0.07761040369446111,0.01009013602223618,-0.026203133008171873,-0.0372659285179391,0.026270169534736054,-0.044178849108045974,-0.03737353322235058
US1NJUN0003,"LINDEN 2.2 NW, NJ US",2023-07-02,-0.37011657811480514,-0.06785013555751303,-0.07761040369446111,0.01009013602223618,-0.026203133008171873,-0.0372659285179391,0.026270169534736054,-0.044178849108045974,-0.03737353322235058
US1NJUN0003,"LINDEN 2.2 NW, NJ US",2023-07-03,1.0364546060931819,-0.06785013555751303,-0.07761040369446111,0.01009013602223618,-0.026203133008171873,-0.0372659285179391,0.026270169534736054,-0.044178849108045974,-0.03737353322235058
US1NJUN0003,"LINDEN 2.2 NW, NJ US",2023-07-04,-0.34627638855195786,-0.06785013555751303,-0.07761040369446111,0.01009013602223618,-0.026203133008171873,-0.0372659285179391,0.026270169534736054,-0.044178849108045974,-0.03737353322235058
US1NJUN0003,"LINDEN 2.2 NW, NJ US",2023-07-05,3.5873548893178357,-0.06785013555751303,-0.07761040369446111,0.01009013602223618,-0.026203133008171873,-0.0372659285179391,0.026270169534736054,-0.044178849108045974,-0.03737353322235058
US1NJUN0003,"LINDEN 2.2 NW, NJ US",2023-07-06,-0.37011657811480514,-0.06785013555751303,-0.07761040369446111,0.01009013602223618,-0.026203133008171873,-0.0372659285179391,0.026270169534736054,-0.044178849108045974,-0.03737353322235058
US1NJUN0003,"LINDEN 2.2 NW, NJ US",2023-07-07,-0.37011657811480514,-0.06785013555751303,-0.07761040369446111,0.01009013602223618,-0.026203133008171873,-0.0372659285179391,0.026270169534736054,-0.044178849108045974,-0.03737353322235058
US1NJUN0003,"LINDEN 2.2 NW, NJ US",2023-07-10,-0.15555487204918,-0.06785013555751303,-0.07761040369446111,0.01009013602223618,-0.026203133008171873,-0.0372659285179391,0.026270169534736054,-0.044178849108045974,-0.03737353322235058
US1NJUN0003,"LINDEN 2.2 NW, NJ US",2023-07-11,-0.37011657811480514,-0.06785013555751303,-0.07761040369446111,0.01009013602223618,-0.026203133008171873,-0.0372659285179391,0.026270169534736054,-0.044178849108045974,-0.03737353322235058
US1NJUN0003,"LINDEN 2.2 NW, NJ US",2023-07-12,-0.37011657811480514,-0.06785013555751303,-0.07761040369446111,0.01009013602223618,-0.026203133008171873,-0.0372659285179391,0.026270169534736054,-0.044178849108045974,-0.03737353322235058
US1NJUN0003,"LINDEN 2.2 NW, NJ US",2023-07-13,-0.37011657811480514,-0.06785013555751303,-0.07761040369446111,0.01009013602223618,-0.026203133008171873,-0.0372659285179391,0.026270169534736054,-0.044178849108045974,-0.03737353322235058
US1NJUN0003,"LINDEN 2.2 NW, NJ US",2023-07-14,0.6073311939619315,-0.06785013555751303,-0.07761040369446111,0.01009013602223618,-0.026203133008171873,-0.0372659285179391,0.026270169534736054,-0.044178849108045974,-0.03737353322235058
US1NJUN0003,"LINDEN 2.2 NW, NJ US",2023-07-15,-0.06019411379779104,-0.06785013555751303,-0.07761040369446111,0.01009013602223618,-0.026203133008171873,-0.0372659285179391,0.026270169534736054,-0.044178849108045974,-0.03737353322235058
US1NJUN0003,"LINDEN 2.2 NW, NJ US",2023-07-16,0.5358106252733899,-0.06785013555751303,-0.07761040369446111,0.01009013602223618,-0.026203133008171873,-0.0372659285179391,0.026270169534736054,-0.044178849108045974,-0.03737353322235058
US1NJUN0003,"LINDEN 2.2 NW, NJ US",2023-07-17,0.5834910043990844,-0.06785013555751303,-0.07761040369446111,0.01009013602223618,-0.026203133008171873,-0.0372659285179391,0.026270169534736054,-0.044178849108045974,-0.03737353322235058
US1NJUN0003,"LINDEN 2.2 NW, NJ US",2023-07-18,-0.37011657811480514,-0.06785013555751303,-0.07761040369446111,0.01009013602223618,-0.026203133008171873,-0.0372659285179391,0.026270169534736054,-0.044178849108045974,-0.03737353322235058
US1NJUN0003,"LINDEN 2.2 NW, NJ US",2023-07-19,1.537098586912974,-0.06785013555751303,-0.07761040369446111,0.01009013602223618,-0.026203133008171873,-0.0372659285179391,0.026270169534736054,-0.044178849108045974,-0.03737353322235058
US1NJUN0003,"LINDEN 2.2 NW, NJ US",2023-07-20,-0.34627638855195786,-0.06785013555751303,-0.07761040369446111,0.01009013602223618,-0.026203133008171873,-0.0372659285179391,0.026270169534736054,-0.044178849108045974,-0.03737353322235058
US1NJUN0003,"LINDEN 2.2 NW, NJ US",2023-07-21,0.03516664445359792,-0.06785013555751303,-0.07761040369446111,0.01009013602223618,-0.026203133008171873,-0.0372659285179391,0.026270169534736054,-0.044178849108045974,-0.03737353322235058
US1NJUN0003,"LINDEN 2.2 NW, NJ US",2023-07-22,-0.37011657811480514,-0.06785013555751303,-0.07761040369446111,0.01009013602223618,-0.026203133008171873,-0.0372659285179391,0.026270169534736054,-0.044178849108045974,-0.03737353322235058
US1NJUN0003,"LINDEN 2.2 NW, NJ US",2023-07-23,-0.37011657811480514,-0.06785013555751303,-0.07761040369446111,0.01009013602223618,-0.026203133008171873,-0.0372659285179391,0.026270169534736054,-0.044178849108045974,-0.03737353322235058
US1NJUN0003,"LINDEN 2.2 NW, NJ US",2023-07-24,-0.37011657811480514,-0.06785013555751303,-0.07761040369446111,0.01009013602223618,-0.026203133008171873,-0.0372659285179391,0.026270169534736054,-0.044178849108045974,-0.03737353322235058
US1NJUN0003,"LINDEN 2.2 NW, NJ US",2023-07-25,-0.37011657811480514,-0.06785013555751303,-0.07761040369446111,0.01009013602223618,-0.026203133008171873,-0.0372659285179391,0.026270169534736054,-0.044178849108045974,-0.03737353322235058
US1NJUN0003,"LINDEN 2.2 NW, NJ US",2023-07-26,1.3225368808473488,-0.06785013555751303,-0.07761040369446111,0.01009013602223618,-0.026203133008171873,-0.0372659285179391,0.026270169534736054,-0.044178849108045974,-0.03737353322235058
US1NJUN0003,"LINDEN 2.2 NW, NJ US",2023-07-27,-0.37011657811480514,-0.06785013555751303,-0.07761040369446111,0.01009013602223618,-0.026203133008171873,-0.0372659285179391,0.026270169534736054,-0.044178849108045974,-0.03737353322235058
US1NJUN0003,"LINDEN 2.2 NW, NJ US",2023-07-28,-0.15555487204918,-0.06785013555751303,-0.07761040369446111,0.01009013602223618,-0.026203133008171873,-0.0372659285179391,0.026270169534736054,-0.044178849108045974,-0.03737353322235058
US1NJUN0003,"LINDEN 2.2 NW, NJ US",2023-07-29,-0.06019411379779104,-0.06785013555751303,-0.07761040369446111,0.01009013602223618,-0.026203133008171873,-0.0372659285179391,0.026270169534736054,-0.044178849108045974,-0.03737353322235058
US1NJUN0003,"LINDEN 2.2 NW, NJ US",2023-07-30,0.13052740270498683,-0.06785013555751303,-0.07761040369446111,0.01009013602223618,-0.026203133008171873,-0.0372659285179391,0.026270169534736054,-0.044178849108045974,-0.03737353322235058
US1NJUN0003,"LINDEN 2.2 NW, NJ US",2023-07-31,-0.37011657811480514,-0.06785013555751303,-0.07761040369446111,0.01009013602223618,-0.026203133008171873,-0.0372659285179391,0.026270169534736054,-0.044178849108045974,-0.03737353322235058
US1NJUN0003,"LINDEN 2.2 NW, NJ US",2023-08-01,-0.37011657811480514,-0.06785013555751303,-0.07761040369446111,0.01009013602223618,-0.026203133008171873,-0.0372659285179391,0.026270169534736054,-0.044178849108045974,-0.03737353322235058
US1NJUN0003,"LINDEN 2.2 NW, NJ US",2023-08-03,-0.37011657811480514,-0.06785013555751303,-0.07761040369446111,0.01009013602223618,-0.026203133008171873,-0.0372659285179391,0.026270169534736054,-0.044178849108045974,-0.03737353322235058
US1NJUN0003,"LINDEN 2.2 NW, NJ US",2023-08-04,-0.37011657811480514,-0.06785013555751303,-0.07761040369446111,0.01009013602223618,-0.026203133008171873,-0.0372659285179391,0.026270169534736054,-0.044178849108045974,-0.03737353322235058
US1NJUN0003,"LINDEN 2.2 NW, NJ US",2023-08-05,-0.37011657811480514,-0.06785013555751303,-0.07761040369446111,0.01009013602223618,-0.026203133008171873,-0.0372659285179391,0.026270169534736054,-0.044178849108045974,-0.03737353322235058
US1NJUN0003,"LINDEN 2.2 NW, NJ US",2023-08-06,-0.37011657811480514,-0.06785013555751303,-0.07761040369446111,0.01009013602223618,-0.026203133008171873,-0.0372659285179391,0.026270169534736054,-0.044178849108045974,-0.03737353322235058
US1NJUN0003,"LINDEN 2.2 NW, NJ US",2023-08-07,1.0602947956560291,-0.06785013555751303,-0.07761040369446111,0.01009013602223618,-0.026203133008171873,-0.0372659285179391,0.026270169534736054,-0.044178849108045974,-0.03737353322235058
US1NJUN0003,"LINDEN 2.2 NW, NJ US",2023-08-08,-0.10787449292348553,-0.06785013555751303,-0.07761040369446111,0.01009013602223618,-0.026203133008171873,-0.0372659285179391,0.026270169534736054,-0.044178849108045974,-0.03737353322235058
US1NJUN0003,"LINDEN 2.2 NW, NJ US",2023-08-09,-0.37011657811480514,-0.06785013555751303,-0.07761040369446111,0.01009013602223618,-0.026203133008171873,-0.0372659285179391,0.026270169534736054,-0.044178849108045974,-0.03737353322235058
US1NJUN0003,"LINDEN 2.2 NW, NJ US",2023-08-28,-0.37011657811480514,-0.06785013555751303,-0.07761040369446111,0.01009013602223618,-0.026203133008171873,-0.0372659285179391,0.026270169534736054,-0.044178849108045974,-0.03737353322235058
US1NJUN0003,"LINDEN 2.2 NW, NJ US",2023-08-29,-0.37011657811480514,-0.06785013555751303,-0.07761040369446111,0.01009013602223618,-0.026203133008171873,-0.0372659285179391,0.026270169534736054,-0.044178849108045974,-0.03737353322235058
US1NJUN0003,"LINDEN 2.2 NW, NJ US",2023-08-30,-0.37011657811480514,-0.06785013555751303,-0.07761040369446111,0.01009013602223618,-0.026203133008171873,-0.0372659285179391,0.026270169534736054,-0.044178849108045974,-0.03737353322235058
US1NJUN0003,"LINDEN 2.2 NW, NJ US",2023-09-19,-0.37011657811480514,-0.06785013555751303,-0.07761040369446111,0.01009013602223618,-0.026203133008171873,-0.0372659285179391,0.026270169534736054,-0.044178849108045974,-0.03737353322235058
US1NJUN0003,"LINDEN 2.2 NW, NJ US",2023-09-20,-0.37011657811480514,-0.06785013555751303,-0.07761040369446111,0.01009013602223618,-0.026203133008171873,-0.0372659285179391,0.026270169534736054,-0.044178849108045974,-0.03737353322235058
US1NJUN0003,"LINDEN 2.2 NW, NJ US",2023-09-21,-0.37011657811480514,-0.06785013555751303,-0.07761040369446111,0.01009013602223618,-0.026203133008171873,-0.0372659285179391,0.026270169534736054,-0.044178849108045974,-0.03737353322235058
US1NJUN0003,"LINDEN 2.2 NW, NJ US",2023-09-22,-0.37011657811480514,-0.06785013555751303,-0.07761040369446111,0.01009013602223618,-0.026203133008171873,-0.0372659285179391,0.026270169534736054,-0.044178849108045974,-0.03737353322235058
US1NJUN0003,"LINDEN 2.2 NW, NJ US",2023-09-24,-0.37011657811480514,-0.06785013555751303,-0.07761040369446111,0.01009013602223618,-0.026203133008171873,-0.0372659285179391,0.026270169534736054,-0.044178849108045974,-0.03737353322235058
US1NJUN0003,"LINDEN 2.2 NW, NJ US",2023-09-25,2.2761444633612387,-0.06785013555751303,-0.07761040369446111,0.01009013602223618,-0.026203133008171873,-0.0372659285179391,0.026270169534736054,-0.044178849108045974,-0.03737353322235058
US1NJUN0003,"LINDEN 2.2 NW, NJ US",2023-09-26,0.34508910877061194,-0.06785013555751303,-0.07761040369446111,0.01009013602223618,-0.026203133008171873,-0.0372659285179391,0.026270169534736054,-0.044178849108045974,-0.03737353322235058
US1NJUN0003,"LINDEN 2.2 NW, NJ US",2023-09-27,-0.10787449292348553,-0.06785013555751303,-0.07761040369446111,0.01009013602223618,-0.026203133008171873,-0.0372659285179391,0.026270169534736054,-0.044178849108045974,-0.03737353322235058
US1NJUN0003,"LINDEN 2.2 NW, NJ US",2023-09-28,-0.37011657811480514,-0.06785013555751303,-0.07761040369446111,0.01009013602223618,-0.026203133008171873,-0.0372659285179391,0.026270169534736054,-0.044178849108045974,-0.03737353322235058
US1NJUN0003,"LINDEN 2.2 NW, NJ US",2023-09-30,-0.37011657811480514,-0.06785013555751303,-0.07761040369446111,0.01009013602223618,-0.026203133008171873,-0.0372659285179391,0.026270169534736054,-0.044178849108045974,-0.03737353322235058
US1NJUN0003,"LINDEN 2.2 NW, NJ US",2023-10-01,-0.25091563030056896,-0.06785013555751303,-0.07761040369446111,0.01009013602223618,-0.026203133008171873,-0.0372659285179391,0.026270169534736054,-0.044178849108045974,-0.03737353322235058
US1NJUN0003,"LINDEN 2.2 NW, NJ US",2023-10-02,-0.37011657811480514,-0.06785013555751303,-0.07761040369446111,0.01009013602223618,-0.026203133008171873,-0.0372659285179391,0.026270169534736054,-0.044178849108045974,-0.03737353322235058
US1NJUN0003,"LINDEN 2.2 NW, NJ US",2023-10-03,-0.37011657811480514,-0.06785013555751303,-0.07761040369446111,0.01009013602223618,-0.026203133008171873,-0.0372659285179391,0.026270169534736054,-0.044178849108045974,-0.03737353322235058
US1NJUN0003,"LINDEN 2.2 NW, NJ US",2023-10-04,-0.37011657811480514,-0.06785013555751303,-0.07761040369446111,0.01009013602223618,-0.026203133008171873,-0.0372659285179391,0.026270169534736054,-0.044178849108045974,-0.03737353322235058
US1NJUN0003,"LINDEN 2.2 NW, NJ US",2023-10-05,-0.37011657811480514,-0.06785013555751303,-0.07761040369446111,0.01009013602223618,-0.026203133008171873,-0.0372659285179391,0.026270169534736054,-0.044178849108045974,-0.03737353322235058
US1NJUN0003,"LINDEN 2.2 NW, NJ US",2023-10-06,-0.2747558198634162,-0.06785013555751303,-0.07761040369446111,0.01009013602223618,-0.026203133008171873,-0.0372659285179391,0.026270169534736054,-0.044178849108045974,-0.03737353322235058
US1NJUN0003,"LINDEN 2.2 NW, NJ US",2023-10-07,-0.2747558198634162,-0.06785013555751303,-0.07761040369446111,0.01009013602223618,-0.026203133008171873,-0.0372659285179391,0.026270169534736054,-0.044178849108045974,-0.03737353322235058
US1NJUN0003,"LINDEN 2.2 NW, NJ US",2023-10-08,0.34508910877061194,-0.06785013555751303,-0.07761040369446111,0.01009013602223618,-0.026203133008171873,-0.0372659285179391,0.026270169534736054,-0.044178849108045974,-0.03737353322235058
US1NJUN0003,"LINDEN 2.2 NW, NJ US",2023-10-09,-0.37011657811480514,-0.06785013555751303,-0.07761040369446111,0.01009013602223618,-0.026203133008171873,-0.0372659285179391,0.026270169534736054,-0.044178849108045974,-0.03737353322235058
US1NJUN0003,"LINDEN 2.2 NW, NJ US",2023-10-10,-0.20323525117487445,-0.06785013555751303,-0.07761040369446111,0.01009013602223618,-0.026203133008171873,-0.0372659285179391,0.026270169534736054,-0.044178849108045974,-0.03737353322235058
US1NJUN0003,"LINDEN 2.2 NW, NJ US",2023-10-11,-0.37011657811480514,-0.06785013555751303,-0.07761040369446111,0.01009013602223618,-0.026203133008171873,-0.0372659285179391,0.026270169534736054,-0.044178849108045974,-0.03737353322235058
US1NJUN0003,"LINDEN 2.2 NW, NJ US",2023-10-15,-0.37011657811480514,-0.06785013555751303,-0.07761040369446111,0.01009013602223618,-0.026203133008171873,-0.0372659285179391,0.026270169534736054,-0.044178849108045974,-0.03737353322235058
US1NJUN0003,"LINDEN 2.2 NW, NJ US",2023-10-16,-0.37011657811480514,-0.06785013555751303,-0.07761040369446111,0.01009013602223618,-0.026203133008171873,-0.0372659285179391,0.026270169534736054,-0.044178849108045974,-0.03737353322235058
US1NJUN0003,"LINDEN 2.2 NW, NJ US",2023-10-17,-0.37011657811480514,-0.06785013555751303,-0.07761040369446111,0.01009013602223618,-0.026203133008171873,-0.0372659285179391,0.026270169534736054,-0.044178849108045974,-0.03737353322235058
US1NJUN0003,"LINDEN 2.2 NW, NJ US",2023-10-18,-0.37011657811480514,-0.06785013555751303,-0.07761040369446111,0.01009013602223618,-0.026203133008171873,-0.0372659285179391,0.026270169534736054,-0.044178849108045974,-0.03737353322235058
US1NJUN0003,"LINDEN 2.2 NW, NJ US",2023-10-19,-0.37011657811480514,-0.06785013555751303,-0.07761040369446111,0.01009013602223618,-0.026203133008171873,-0.0372659285179391,0.026270169534736054,-0.044178849108045974,-0.03737353322235058
US1NJUN0003,"LINDEN 2.2 NW, NJ US",2023-10-20,-0.17939506161202723,-0.06785013555751303,-0.07761040369446111,0.01009013602223618,-0.026203133008171873,-0.0372659285179391,0.026270169534736054,-0.044178849108045974,-0.03737353322235058
US1NJUN0003,"LINDEN 2.2 NW, NJ US",2023-10-21,1.537098586912974,-0.06785013555751303,-0.07761040369446111,0.01009013602223618,-0.026203133008171873,-0.0372659285179391,0.026270169534736054,-0.044178849108045974,-0.03737353322235058
US1NJUN0003,"LINDEN 2.2 NW, NJ US",2023-10-22,-0.13171468248633275,-0.06785013555751303,-0.07761040369446111,0.01009013602223618,-0.026203133008171873,-0.0372659285179391,0.026270169534736054,-0.044178849108045974,-0.03737353322235058
US1NJUN0003,"LINDEN 2.2 NW, NJ US",2023-10-23,-0.37011657811480514,-0.06785013555751303,-0.07761040369446111,0.01009013602223618,-0.026203133008171873,-0.0372659285179391,0.026270169534736054,-0.044178849108045974,-0.03737353322235058
US1NJUN0003,"LINDEN 2.2 NW, NJ US",2023-10-24,-0.37011657811480514,-0.06785013555751303,-0.07761040369446111,0.01009013602223618,-0.026203133008171873,-0.0372659285179391,0.026270169534736054,-0.044178849108045974,-0.03737353322235058
US1NJUN0003,"LINDEN 2.2 NW, NJ US",2023-10-25,-0.37011657811480514,-0.06785013555751303,-0.07761040369446111,0.01009013602223618,-0.026203133008171873,-0.0372659285179391,0.026270169534736054,-0.044178849108045974,-0.03737353322235058
US1NJUN0003,"LINDEN 2.2 NW, NJ US",2023-10-26,-0.37011657811480514,-0.06785013555751303,-0.07761040369446111,0.01009013602223618,-0.026203133008171873,-0.0372659285179391,0.026270169534736054,-0.044178849108045974,-0.03737353322235058
US1NJUN0003,"LINDEN 2.2 NW, NJ US",2023-10-27,-0.37011657811480514,-0.06785013555751303,-0.07761040369446111,0.01009013602223618,-0.026203133008171873,-0.0372659285179391,0.026270169534736054,-0.044178849108045974,-0.03737353322235058
US1NJUN0003,"LINDEN 2.2 NW, NJ US",2023-10-28,-0.37011657811480514,-0.06785013555751303,-0.07761040369446111,0.01009013602223618,-0.026203133008171873,-0.0372659285179391,0.026270169534736054,-0.044178849108045974,-0.03737353322235058
US1NJUN0003,"LINDEN 2.2 NW, NJ US",2023-10-29,-0.3224361989891107,-0.06785013555751303,-0.07761040369446111,0.01009013602223618,-0.026203133008171873,-0.0372659285179391,0.026270169534736054,-0.044178849108045974,-0.03737353322235058
US1NJUN0003,"LINDEN 2.2 NW, NJ US",2023-10-31,-0.37011657811480514,-0.06785013555751303,-0.07761040369446111,0.01009013602223618,-0.026203133008171873,-0.0372659285179391,0.026270169534736054,-0.044178849108045974,-0.03737353322235058
US1NJUN0003,"LINDEN 2.2 NW, NJ US",2023-11-02,-0.37011657811480514,-0.06785013555751303,-0.07761040369446111,0.01009013602223618,-0.026203133008171873,-0.0372659285179391,0.026270169534736054,-0.044178849108045974,-0.03737353322235058
US1NJUN0003,"LINDEN 2.2 NW, NJ US",2023-11-05,-0.37011657811480514,-0.06785013555751303,-0.07761040369446111,0.01009013602223618,-0.026203133008171873,-0.0372659285179391,0.026270169534736054,-0.044178849108045974,-0.03737353322235058
US1NJUN0003,"LINDEN 2.2 NW, NJ US",2023-11-06,-0.37011657811480514,-0.06785013555751303,-0.07761040369446111,0.01009013602223618,-0.026203133008171873,-0.0372659285179391,0.026270169534736054,-0.044178849108045974,-0.03737353322235058
US1NJUN0003,"LINDEN 2.2 NW, NJ US",2023-11-07,-0.37011657811480514,-0.06785013555751303,-0.07761040369446111,0.01009013602223618,-0.026203133008171873,-0.0372659285179391,0.026270169534736054,-0.044178849108045974,-0.03737353322235058
US1NJUN0003,"LINDEN 2.2 NW, NJ US",2023-11-10,-0.37011657811480514,-0.06785013555751303,-0.07761040369446111,0.01009013602223618,-0.026203133008171873,-0.0372659285179391,0.026270169534736054,-0.044178849108045974,-0.03737353322235058
US1NJUN0003,"LINDEN 2.2 NW, NJ US",2023-11-11,-0.37011657811480514,-0.06785013555751303,-0.07761040369446111,0.01009013602223618,-0.026203133008171873,-0.0372659285179391,0.026270169534736054,-0.044178849108045974,-0.03737353322235058
US1NJUN0003,"LINDEN 2.2 NW, NJ US",2023-11-12,-0.37011657811480514,-0.06785013555751303,-0.07761040369446111,0.01009013602223618,-0.026203133008171873,-0.0372659285179391,0.026270169534736054,-0.044178849108045974,-0.03737353322235058
US1NJUN0003,"LINDEN 2.2 NW, NJ US",2023-11-13,-0.37011657811480514,-0.06785013555751303,-0.07761040369446111,0.01009013602223618,-0.026203133008171873,-0.0372659285179391,0.026270169534736054,-0.044178849108045974,-0.03737353322235058
US1NJUN0003,"LINDEN 2.2 NW, NJ US",2023-11-14,-0.37011657811480514,-0.06785013555751303,-0.07761040369446111,0.01009013602223618,-0.026203133008171873,-0.0372659285179391,0.026270169534736054,-0.044178849108045974,-0.03737353322235058
US1NJUN0003,"LINDEN 2.2 NW, NJ US",2023-11-15,-0.37011657811480514,-0.06785013555751303,-0.07761040369446111,0.01009013602223618,-0.026203133008171873,-0.0372659285179391,0.026270169534736054,-0.044178849108045974,-0.03737353322235058
US1NJUN0003,"LINDEN 2.2 NW, NJ US",2023-11-16,-0.37011657811480514,-0.06785013555751303,-0.07761040369446111,0.01009013602223618,-0.026203133008171873,-0.0372659285179391,0.026270169534736054,-0.044178849108045974,-0.03737353322235058
US1NJUN0003,"LINDEN 2.2 NW, NJ US",2023-11-17,-0.37011657811480514,-0.06785013555751303,-0.07761040369446111,0.01009013602223618,-0.026203133008171873,-0.0372659285179391,0.026270169534736054,-0.044178849108045974,-0.03737353322235058
US1NJUN0003,"LINDEN 2.2 NW, NJ US",2023-11-18,-0.3224361989891107,-0.06785013555751303,-0.07761040369446111,0.01009013602223618,-0.026203133008171873,-0.0372659285179391,0.026270169534736054,-0.044178849108045974,-0.03737353322235058
US1NJUN0003,"LINDEN 2.2 NW, NJ US",2023-11-20,-0.37011657811480514,-0.06785013555751303,-0.07761040369446111,0.01009013602223618,-0.026203133008171873,-0.0372659285179391,0.026270169534736054,-0.044178849108045974,-0.03737353322235058
US1NJUN0003,"LINDEN 2.2 NW, NJ US",2023-11-21,-0.37011657811480514,-0.06785013555751303,-0.07761040369446111,0.01009013602223618,-0.026203133008171873,-0.0372659285179391,0.026270169534736054,-0.044178849108045974,-0.03737353322235058
US1NJUN0003,"LINDEN 2.2 NW, NJ US",2023-11-22,5.256168158717143,-0.06785013555751303,-0.07761040369446111,0.01009013602223618,-0.026203133008171873,-0.0372659285179391,0.026270169534736054,-0.044178849108045974,-0.03737353322235058
US1NJUN0003,"LINDEN 2.2 NW, NJ US",2023-11-23,-0.37011657811480514,-0.06785013555751303,-0.07761040369446111,0.01009013602223618,-0.026203133008171873,-0.0372659285179391,0.026270169534736054,-0.044178849108045974,-0.03737353322235058
US1NJUN0003,"LINDEN 2.2 NW, NJ US",2023-11-27,2.4668659798640156,-0.06785013555751303,-0.07761040369446111,0.01009013602223618,-0.026203133008171873,-0.0372659285179391,0.026270169534736054,-0.044178849108045974,-0.03737353322235058
US1NJUN0003,"LINDEN 2.2 NW, NJ US",2023-11-28,-0.37011657811480514,-0.06785013555751303,-0.07761040369446111,0.01009013602223618,-0.026203133008171873,-0.0372659285179391,0.026270169534736054,-0.044178849108045974,-0.03737353322235058
US1NJUN0003,"LINDEN 2.2 NW, NJ US",2023-11-29,-0.37011657811480514,-0.06785013555751303,-0.07761040369446111,0.01009013602223618,-0.026203133008171873,-0.0372659285179391,0.026270169534736054,-0.044178849108045974,-0.03737353322235058
US1NJUN0003,"LINDEN 2.2 NW, NJ US",2023-11-30,-0.37011657811480514,-0.06785013555751303,-0.07761040369446111,0.01009013602223618,-0.026203133008171873,-0.0372659285179391,0.026270169534736054,-0.044178849108045974,-0.03737353322235058
US1NJUN0003,"LINDEN 2.2 NW, NJ US",2023-12-01,-0.37011657811480514,-0.06785013555751303,-0.07761040369446111,0.01009013602223618,-0.026203133008171873,-0.0372659285179391,0.026270169534736054,-0.044178849108045974,-0.03737353322235058
US1NJUN0003,"LINDEN 2.2 NW, NJ US",2023-12-02,0.6311713835247788,-0.06785013555751303,-0.07761040369446111,0.01009013602223618,-0.026203133008171873,-0.0372659285179391,0.026270169534736054,-0.044178849108045974,-0.03737353322235058
US1NJUN0003,"LINDEN 2.2 NW, NJ US",2023-12-03,0.48813024614769535,-0.06785013555751303,-0.07761040369446111,0.01009013602223618,-0.026203133008171873,-0.0372659285179391,0.026270169534736054,-0.044178849108045974,-0.03737353322235058
US1NJUN0003,"LINDEN 2.2 NW, NJ US",2023-12-04,0.8695732791532513,-0.06785013555751303,-0.07761040369446111,0.01009013602223618,-0.026203133008171873,-0.0372659285179391,0.026270169534736054,-0.044178849108045974,-0.03737353322235058
US1NJUN0003,"LINDEN 2.2 NW, NJ US",2023-12-05,-0.37011657811480514,-0.06785013555751303,-0.07761040369446111,0.01009013602223618,-0.026203133008171873,-0.0372659285179391,0.026270169534736054,-0.044178849108045974,-0.03737353322235058
US1NJUN0003,"LINDEN 2.2 NW, NJ US",2023-12-06,-0.37011657811480514,-0.06785013555751303,-0.07761040369446111,0.01009013602223618,-0.026203133008171873,-0.0372659285179391,0.026270169534736054,-0.044178849108045974,-0.03737353322235058
US1NJUN0003,"LINDEN 2.2 NW, NJ US",2023-12-07,-0.37011657811480514,-0.06785013555751303,-0.07761040369446111,0.01009013602223618,-0.026203133008171873,-0.0372659285179391,0.026270169534736054,-0.044178849108045974,-0.03737353322235058
US1NJUN0003,"LINDEN 2.2 NW, NJ US",2023-12-08,-0.37011657811480514,-0.06785013555751303,-0.07761040369446111,0.01009013602223618,-0.026203133008171873,-0.0372659285179391,0.026270169534736054,-0.044178849108045974,-0.03737353322235058
US1NJUN0003,"LINDEN 2.2 NW, NJ US",2023-12-09,-0.37011657811480514,-0.06785013555751303,-0.07761040369446111,0.01009013602223618,-0.026203133008171873,-0.0372659285179391,0.026270169534736054,-0.044178849108045974,-0.03737353322235058
US1NJUN0003,"LINDEN 2.2 NW, NJ US",2023-12-10,-0.37011657811480514,-0.06785013555751303,-0.07761040369446111,0.01009013602223618,-0.026203133008171873,-0.0372659285179391,0.026270169534736054,-0.044178849108045974,-0.03737353322235058
US1NJUN0003,"LINDEN 2.2 NW, NJ US",2023-12-11,3.4681539415036,-0.06785013555751303,-0.07761040369446111,0.01009013602223618,-0.026203133008171873,-0.0372659285179391,0.026270169534736054,-0.044178849108045974,-0.03737353322235058
US1NJUN0003,"LINDEN 2.2 NW, NJ US",2023-12-12,-0.37011657811480514,-0.06785013555751303,-0.07761040369446111,0.01009013602223618,-0.026203133008171873,-0.0372659285179391,0.026270169534736054,-0.044178849108045974,-0.03737353322235058
US1NJUN0003,"LINDEN 2.2 NW, NJ US",2023-12-13,-0.37011657811480514,-0.06785013555751303,-0.07761040369446111,0.01009013602223618,-0.026203133008171873,-0.0372659285179391,0.026270169534736054,-0.044178849108045974,-0.03737353322235058
US1NJUN0003,"LINDEN 2.2 NW, NJ US",2023-12-14,-0.37011657811480514,-0.06785013555751303,-0.07761040369446111,0.01009013602223618,-0.026203133008171873,-0.0372659285179391,0.026270169534736054,-0.044178849108045974,-0.03737353322235058
US1NJUN0003,"LINDEN 2.2 NW, NJ US",2023-12-15,-0.37011657811480514,-0.06785013555751303,-0.07761040369446111,0.01009013602223618,-0.026203133008171873,-0.0372659285179391,0.026270169534736054,-0.044178849108045974,-0.03737353322235058
US1NJUN0003,"LINDEN 2.2 NW, NJ US",2023-12-17,-0.37011657811480514,-0.06785013555751303,-0.07761040369446111,0.01009013602223618,-0.026203133008171873,-0.0372659285179391,0.026270169534736054,-0.044178849108045974,-0.03737353322235058
US1NJUN0003,"LINDEN 2.2 NW, NJ US",2023-12-18,7.854748821067492,-0.06785013555751303,-0.07761040369446111,0.01009013602223618,-0.026203133008171873,-0.0372659285179391,0.026270169534736054,-0.044178849108045974,-0.03737353322235058
US1NJUN0003,"LINDEN 2.2 NW, NJ US",2023-12-19,0.32124891920776466,-0.06785013555751303,-0.07761040369446111,0.01009013602223618,-0.026203133008171873,-0.0372659285179391,0.026270169534736054,-0.044178849108045974,-0.03737353322235058
US1NJUN0003,"LINDEN 2.2 NW, NJ US",2023-12-20,-0.37011657811480514,-0.06785013555751303,-0.07761040369446111,0.01009013602223618,-0.026203133008171873,-0.0372659285179391,0.026270169534736054,-0.044178849108045974,-0.03737353322235058
US1NJUN0003,"LINDEN 2.2 NW, NJ US",2023-12-21,-0.37011657811480514,-0.06785013555751303,-0.07761040369446111,0.01009013602223618,-0.026203133008171873,-0.0372659285179391,0.026270169534736054,-0.044178849108045974,-0.03737353322235058
US1NJUN0003,"LINDEN 2.2 NW, NJ US",2023-12-22,-0.37011657811480514,-0.06785013555751303,-0.07761040369446111,0.01009013602223618,-0.026203133008171873,-0.0372659285179391,0.026270169534736054,-0.044178849108045974,-0.03737353322235058
US1NJUN0003,"LINDEN 2.2 NW, NJ US",2023-12-23,-0.37011657811480514,-0.06785013555751303,-0.07761040369446111,0.01009013602223618,-0.026203133008171873,-0.0372659285179391,0.026270169534736054,-0.044178849108045974,-0.03737353322235058
US1NJUN0003,"LINDEN 2.2 NW, NJ US",2023-12-24,-0.3224361989891107,-0.06785013555751303,-0.07761040369446111,0.01009013602223618,-0.026203133008171873,-0.0372659285179391,0.026270169534736054,-0.044178849108045974,-0.03737353322235058
US1NJUN0003,"LINDEN 2.2 NW, NJ US",2023-12-26,-0.37011657811480514,-0.06785013555751303,-0.07761040369446111,0.01009013602223618,-0.026203133008171873,-0.0372659285179391,0.026270169534736054,-0.044178849108045974,-0.03737353322235058
US1NJUN0003,"LINDEN 2.2 NW, NJ US",2023-12-27,-0.34627638855195786,-0.06785013555751303,-0.07761040369446111,0.01009013602223618,-0.026203133008171873,-0.0372659285179391,0.026270169534736054,-0.044178849108045974,-0.03737353322235058
US1NJUN0003,"LINDEN 2.2 NW, NJ US",2023-12-28,3.515834320629294,-0.06785013555751303,-0.07761040369446111,0.01009013602223618,-0.026203133008171873,-0.0372659285179391,0.026270169534736054,-0.044178849108045974,-0.03737353322235058
US1NJUN0003,"LINDEN 2.2 NW, NJ US",2023-12-29,0.13052740270498683,-0.06785013555751303,-0.07761040369446111,0.01009013602223618,-0.026203133008171873,-0.0372659285179391,0.026270169534736054,-0.044178849108045974,-0.03737353322235058
US1NJUN0003,"LINDEN 2.2 NW, NJ US",2023-12-30,-0.37011657811480514,-0.06785013555751303,-0.07761040369446111,0.01009013602223618,-0.026203133008171873,-0.0372659285179391,0.026270169534736054,-0.044178849108045974,-0.03737353322235058
US1NJUN0003,"LINDEN 2.2 NW, NJ US",2023-12-31,-0.37011657811480514,-0.06785013555751303,-0.07761040369446111,0.01009013602223618,-0.026203133008171873,-0.0372659285179391,0.026270169534736054,-0.044178849108045974,-0.03737353322235058
US1NJUN0003,"LINDEN 2.2 NW, NJ US",2024-01-02,-0.37011657811480514,-0.06785013555751303,-0.07761040369446111,0.01009013602223618,-0.026203133008171873,-0.0372659285179391,0.026270169534736054,-0.044178849108045974,-0.03737353322235058
US1NJUN0003,"LINDEN 2.2 NW, NJ US",2024-01-03,-0.37011657811480514,-0.06785013555751303,-0.07761040369446111,0.01009013602223618,-0.026203133008171873,-0.0372659285179391,0.026270169534736054,-0.044178849108045974,-0.03737353322235058
US1NJUN0003,"LINDEN 2.2 NW, NJ US",2024-01-04,-0.37011657811480514,-0.06785013555751303,-0.07761040369446111,0.01009013602223618,-0.026203133008171873,-0.0372659285179391,0.026270169534736054,-0.044178849108045974,-0.03737353322235058
US1NJUN0003,"LINDEN 2.2 NW, NJ US",2024-01-05,-0.37011657811480514,-0.06785013555751303,-0.07761040369446111,0.01009013602223618,-0.026203133008171873,-0.0372659285179391,0.026270169534736054,-0.044178849108045974,-0.03737353322235058
US1NJUN0003,"LINDEN 2.2 NW, NJ US",2024-01-06,-0.37011657811480514,-0.06785013555751303,-0.07761040369446111,0.01009013602223618,-0.026203133008171873,-0.0372659285179391,0.026270169534736054,-0.044178849108045974,-0.03737353322235058
US1NJUN0003,"LINDEN 2.2 NW, NJ US",2024-01-07,1.3225368808473488,-0.06785013555751303,-0.07761040369446111,0.01009013602223618,-0.026203133008171873,-0.0372659285179391,0.026270169534736054,-0.044178849108045974,-0.03737353322235058
US1NJUN0003,"LINDEN 2.2 NW, NJ US",2024-01-08,-0.06019411379779104,-0.06785013555751303,-0.07761040369446111,0.01009013602223618,-0.026203133008171873,-0.0372659285179391,0.026270169534736054,-0.044178849108045974,-0.03737353322235058
US1NJUN0003,"LINDEN 2.2 NW, NJ US",2024-01-09,-0.37011657811480514,-0.06785013555751303,-0.07761040369446111,0.01009013602223618,-0.026203133008171873,-0.0372659285179391,0.026270169534736054,-0.044178849108045974,-0.03737353322235058
US1NJUN0003,"LINDEN 2.2 NW, NJ US",2024-01-10,5.208487779591448,-0.06785013555751303,-0.07761040369446111,0.01009013602223618,-0.026203133008171873,-0.0372659285179391,0.026270169534736054,-0.044178849108045974,-0.03737353322235058
US1NJUN0003,"LINDEN 2.2 NW, NJ US",2024-01-11,-0.37011657811480514,-0.06785013555751303,-0.07761040369446111,0.01009013602223618,-0.026203133008171873,-0.0372659285179391,0.026270169534736054,-0.044178849108045974,-0.03737353322235058
US1NJUN0003,"LINDEN 2.2 NW, NJ US",2024-01-12,-0.37011657811480514,-0.06785013555751303,-0.07761040369446111,0.01009013602223618,-0.026203133008171873,-0.0372659285179391,0.026270169534736054,-0.044178849108045974,-0.03737353322235058
US1NJUN0003,"LINDEN 2.2 NW, NJ US",2024-01-13,1.8947014303556824,-0.06785013555751303,-0.07761040369446111,0.01009013602223618,-0.026203133008171873,-0.0372659285179391,0.026270169534736054,-0.044178849108045974,-0.03737353322235058
US1NJUN0003,"LINDEN 2.2 NW, NJ US",2024-01-17,-0.37011657811480514,-0.06785013555751303,-0.07761040369446111,0.01009013602223618,-0.026203133008171873,-0.0372659285179391,0.026270169534736054,-0.044178849108045974,-0.03737353322235058
US1NJUN0003,"LINDEN 2.2 NW, NJ US",2024-01-18,-0.37011657811480514,-0.06785013555751303,-0.07761040369446111,0.01009013602223618,-0.026203133008171873,-0.0372659285179391,0.026270169534736054,-0.044178849108045974,-0.03737353322235058
US1NJUN0003,"LINDEN 2.2 NW, NJ US",2024-01-19,-0.37011657811480514,-0.06785013555751303,-0.07761040369446111,0.01009013602223618,-0.026203133008171873,-0.0372659285179391,0.026270169534736054,-0.044178849108045974,-0.03737353322235058
US1NJUN0003,"LINDEN 2.2 NW, NJ US",2024-01-21,-0.37011657811480514,-0.06785013555751303,-0.07761040369446111,0.01009013602223618,-0.026203133008171873,-0.0372659285179391,0.026270169534736054,-0.044178849108045974,-0.03737353322235058
US1NJUN0003,"LINDEN 2.2 NW, NJ US",2024-01-22,-0.37011657811480514,-0.06785013555751303,-0.07761040369446111,0.01009013602223618,-0.026203133008171873,-0.0372659285179391,0.026270169534736054,-0.044178849108045974,-0.03737353322235058
US1NJUN0003,"LINDEN 2.2 NW, NJ US",2024-01-23,-0.37011657811480514,-0.06785013555751303,-0.07761040369446111,0.01009013602223618,-0.026203133008171873,-0.0372659285179391,0.026270169534736054,-0.044178849108045974,-0.03737353322235058
US1NJUN0003,"LINDEN 2.2 NW, NJ US",2024-01-24,-0.3224361989891107,-0.06785013555751303,-0.07761040369446111,0.01009013602223618,-0.026203133008171873,-0.0372659285179391,0.026270169534736054,-0.044178849108045974,-0.03737353322235058
US1NJUN0003,"LINDEN 2.2 NW, NJ US",2024-01-25,0.2258881609563758,-0.06785013555751303,-0.07761040369446111,0.01009013602223618,-0.026203133008171873,-0.0372659285179391,0.026270169534736054,-0.044178849108045974,-0.03737353322235058
US1NJUN0003,"LINDEN 2.2 NW, NJ US",2024-01-26,0.48813024614769535,-0.06785013555751303,-0.07761040369446111,0.01009013602223618,-0.026203133008171873,-0.0372659285179391,0.026270169534736054,-0.044178849108045974,-0.03737353322235058
US1NJUN0003,"LINDEN 2.2 NW, NJ US",2024-01-27,-0.2270754407377217,-0.06785013555751303,-0.07761040369446111,0.01009013602223618,-0.026203133008171873,-0.0372659285179391,0.026270169534736054,-0.044178849108045974,-0.03737353322235058
US1NJUN0003,"LINDEN 2.2 NW, NJ US",2024-01-28,1.7278201034157519,-0.06785013555751303,-0.07761040369446111,0.01009013602223618,-0.026203133008171873,-0.0372659285179391,0.026270169534736054,-0.044178849108045974,-0.03737353322235058
US1NJUN0003,"LINDEN 2.2 NW, NJ US",2024-01-29,0.05900683401644512,-0.06785013555751303,-0.07761040369446111,0.01009013602223618,-0.026203133008171873,-0.0372659285179391,0.026270169534736054,-0.044178849108045974,-0.03737353322235058
US1NJUN0003,"LINDEN 2.2 NW, NJ US",2024-01-30,-0.37011657811480514,-0.06785013555751303,-0.07761040369446111,0.01009013602223618,-0.026203133008171873,-0.0372659285179391,0.026270169534736054,-0.044178849108045974,-0.03737353322235058
US1NJUN0003,"LINDEN 2.2 NW, NJ US",2024-01-31,-0.3224361989891107,-0.06785013555751303,-0.07761040369446111,0.01009013602223618,-0.026203133008171873,-0.0372659285179391,0.026270169534736054,-0.044178849108045974,-0.03737353322235058
US1NJUN0003,"LINDEN 2.2 NW, NJ US",2024-02-01,-0.37011657811480514,-0.06785013555751303,-0.07761040369446111,0.01009013602223618,-0.026203133008171873,-0.0372659285179391,0.026270169534736054,-0.044178849108045974,-0.03737353322235058
US1NJUN0003,"LINDEN 2.2 NW, NJ US",2024-02-02,-0.06019411379779104,-0.06785013555751303,-0.07761040369446111,0.01009013602223618,-0.026203133008171873,-0.0372659285179391,0.026270169534736054,-0.044178849108045974,-0.03737353322235058
US1NJUN0003,"LINDEN 2.2 NW, NJ US",2024-03-10,3.6350352684435303,-0.06785013555751303,-0.07761040369446111,0.01009013602223618,-0.026203133008171873,-0.0372659285179391,0.026270169534736054,-0.044178849108045974,-0.03737353322235058
